First Name,Last Name,Age,Team,Position,Games Played,W,SV%,GAA,SO,G,A,PPP,+/-,SOG,HITS
Matt,Cullen,42,player[12],C,"","","","","",7,5,0,-4,76,31
Zdeno,Chara,41,player[12],D,"","","","","",4,15,1,9,129,144
Joe,Thornton,39,player[12],C,"","","","","",15,36,20,3,109,50
Patrick,Marleau,39,player[12],C,"","","","","",20,17,9,-4,173,79
Derek,MacKenzie,37,player[12],C,"","","","","",4,6,0,1,65,143
Henrik,Zetterberg,38,player[12],C,"","","","","",13,36,15,-1,157,49
Marian,Gaborik,36,player[12],R,"","","","","",15,12,5,-5,142,34
Ron,Hainsey,37,player[12],D,"","","","","",1,12,0,-2,74,97
Brooks,Orpik,38,player[12],D,"","","","","",0,5,0,-2,43,204
Justin,Williams,37,player[12],R,"","","","","",17,26,11,3,165,67
Niklas,Kronwall,37,player[12],D,"","","","","",1,19,7,-4,71,92
Matt,Hendricks,37,player[12],C,"","","","","",4,5,0,2,57,164
Deryk,Engelland,36,player[12],D,"","","","","",2,11,0,-1,94,129
Jason,Spezza,35,player[12],C,"","","","","",15,23,11,-2,135,22
Mikko,Koivu,35,player[12],C,"","","","","",15,29,13,7,140,48
Dan,Hamhuis,36,player[12],D,"","","","","",1,14,0,0,67,90
Chris,Thorburn,35,player[12],R,"","","","","",4,1,0,-1,37,152
Jason,Pominville,36,player[12],R,"","","","","",15,21,6,1,150,45
Tomas,Plekanec,36,player[12],C,"","","","","",11,20,4,1,127,66
Valtteri,Filppula,34,player[12],C,"","","","","",8,21,3,-3,79,35
Trevor,Daley,35,player[12],D,"","","","","",4,11,0,-1,106,41
Frans,Nielsen,34,player[12],C,"","","","","",15,21,8,-2,135,54
Jay,Bouwmeester,35,player[12],D,"","","","","",2,9,0,1,95,77
Johnny,Boychuk,34,player[12],D,"","","","","",5,14,2,-3,176,156
Alexander,Steen,34,player[12],L,"","","","","",16,32,15,3,157,54
Duncan,Keith,35,player[12],D,"","","","","",4,33,11,0,160,42
Jonathan,Ericsson,34,player[12],D,"","","","","",1,8,0,0,74,133
Chris,Kunitz,39,player[12],L,"","","","","",8,13,1,3,86,145
Eric,Staal,34,player[12],C,"","","","","",30,34,16,0,218,44
Thomas,Vanek,34,player[12],L,"","","","","",18,28,13,-4,158,37
Ryan,Suter,33,player[12],D,"","","","","",7,37,17,2,156,76
Braydon,Coburn,33,player[12],D,"","","","","",2,9,0,1,80,98
Dion,Phaneuf,33,player[12],D,"","","","","",3,20,7,-8,136,154
Jeff,Carter,33,player[12],C,"","","","","",30,25,18,-1,240,75
Dustin,Brown,34,player[12],R,"","","","","",21,27,12,1,199,176
Brent,Seabrook,33,player[12],D,"","","","","",6,26,10,0,133,90
Zach,Parise,34,player[12],L,"","","","","",23,19,9,-4,216,54
Ryan,Getzlaf,33,player[12],C,"","","","","",16,52,23,3,165,114
Brent,Burns,33,player[12],D,"","","","","",17,48,26,-3,306,69
Ryan,Kesler,34,player[12],C,"","","","","",15,20,7,0,137,126
Brian,Boyle,34,player[12],C,"","","","","",13,9,3,0,123,138
Corey,Perry,33,player[12],R,"","","","","",20,28,14,-6,184,68
Loui,Eriksson,33,player[12],L,"","","","","",17,19,7,-3,152,21
Patrice,Bergeron,33,player[12],C,"","","","","",32,38,24,4,272,56
Shea,Weber,33,player[12],D,"","","","","",13,24,15,2,208,175
David,Backes,34,player[12],R,"","","","","",19,23,9,3,189,186
Brad,Richardson,33,player[12],C,"","","","","",8,12,0,-2,92,80
Marc,Methot,33,player[12],D,"","","","","",0,5,0,3,62,167
Nate,Thompson,34,player[12],C,"","","","","",4,6,0,0,53,146
Joe,Pavelski,34,player[12],C,"","","","","",24,38,21,3,205,88
Kyle,Brodziak,34,player[12],C,"","","","","",9,11,0,4,84,84
Dustin,Byfuglien,33,player[12],D,"","","","","",9,34,18,3,219,160
Mark,Giordano,35,player[12],D,"","","","","",12,27,12,7,185,85
Alex,Ovechkin,33,player[12],L,"","","","","",40,36,27,-3,331,132
Evgeni,Malkin,32,player[12],C,"","","","","",36,54,33,0,247,37
Andrew,Ladd,33,player[12],L,"","","","","",14,15,4,0,127,94
Blake,Wheeler,32,player[12],R,"","","","","",24,54,30,1,238,80
Drew,Stafford,33,player[12],R,"","","","","",13,11,3,-6,133,99
Alexander,Radulov,32,player[12],R,"","","","","",22,41,18,0,194,70
Travis,Zajac,33,player[12],C,"","","","","",13,21,7,-1,113,80
Mike,Green,33,player[12],D,"","","","","",8,26,11,-5,149,93
Blake,Comeau,32,player[12],L,"","","","","",11,19,3,-3,118,142
Carl,Soderberg,33,player[12],C,"","","","","",13,20,5,-4,141,70
Brandon,Dubinsky,32,player[12],C,"","","","","",11,19,3,-1,110,185
Alex,Goligoski,33,player[12],D,"","","","","",7,25,7,-10,124,114
David,Krejci,32,player[12],C,"","","","","",19,34,16,4,151,40
Andrej,Sekera,32,player[12],D,"","","","","",3,18,5,-1,97,66
Alexander,Edler,32,player[12],D,"","","","","",6,23,9,-8,179,161
Ryan,Callahan,33,player[12],R,"","","","","",8,14,2,-2,114,161
Roman,Polak,32,player[12],D,"","","","","",0,11,0,2,74,202
Troy,Brouwer,33,player[12],R,"","","","","",9,15,4,1,83,138
Matt,Hunwick,33,player[12],D,"","","","","",2,11,0,-3,95,109
Cody,McLeod,34,player[12],L,"","","","","",4,0,0,-4,41,210
Paul,Stastny,33,player[12],C,"","","","","",17,34,12,3,141,45
Sidney,Crosby,31,player[12],C,"","","","","",31,54,32,8,243,62
Bobby,Ryan,31,player[12],R,"","","","","",14,22,8,-2,146,117
Jack,Johnson,31,player[12],D,"","","","","",4,11,0,1,96,110
Anze,Kopitar,31,player[12],C,"","","","","",27,51,25,4,196,48
Marc,Staal,31,player[12],D,"","","","","",2,7,0,-5,72,93
Martin,Hanzal,31,player[12],C,"","","","","",12,16,6,-4,138,135
T.J.,Oshie,32,player[12],R,"","","","","",19,26,14,6,149,121
Andrew,Cogliano,31,player[12],L,"","","","","",15,21,3,2,154,86
Matt,Niskanen,32,player[12],D,"","","","","",6,25,6,1,143,134
James,Neal,31,player[12],L,"","","","","",26,23,12,-3,224,60
Marc-Edouard,Vlasic,31,player[12],D,"","","","","",9,24,6,3,155,37
Justin,Abdelkader,31,player[12],L,"","","","","",12,21,8,-6,123,174
Adam,McQuaid,32,player[12],D,"","","","","",2,8,0,2,70,166
Kris,Letang,31,player[12],D,"","","","","",10,48,21,4,223,105
Kris,Russell,31,player[12],D,"","","","","",3,15,2,0,92,98
Keith,Yandle,32,player[12],D,"","","","","",7,39,17,-2,170,33
Vladimir,Sobotka,31,player[12],C,"","","","","",11,20,3,-3,126,122
Tom,Pyatt,31,player[12],L,"","","","","",8,12,0,-1,91,63
Niklas,Hjalmarsson,31,player[12],D,"","","","","",3,14,0,2,63,41
Darren,Helm,31,player[12],L,"","","","","",13,15,2,-2,146,132
Ryan,Reaves,31,player[12],R,"","","","","",3,4,0,1,43,229
Anton,Stralman,32,player[12],D,"","","","","",6,17,3,2,127,107
Patric,Hornqvist,31,player[12],R,"","","","","",28,27,19,4,258,151
Dan,Girardi,34,player[12],D,"","","","","",2,11,0,5,87,141
Andy,Greene,36,player[12],D,"","","","","",2,6,0,-5,75,89
Bryan,Little,31,player[12],C,"","","","","",16,29,11,-1,137,51
Alex,Biega,30,player[12],D,"","","","","",1,12,0,0,122,214
Brad,Marchand,30,player[12],L,"","","","","",35,47,27,6,236,39
Nick,Foligno,31,player[12],L,"","","","","",16,23,9,1,153,178
Derek,Dorsett,32,player[12],R,"","","","","",10,8,1,-2,119,151
Erik,Johnson,30,player[12],D,"","","","","",8,20,5,-3,201,141
Kyle,Okposo,30,player[12],R,"","","","","",18,32,18,-11,173,71
Trevor,Lewis,31,player[12],C,"","","","","",15,13,3,-2,149,148
Leo,Komarov,31,player[12],C,"","","","","",10,13,3,-4,114,225
Jamie,McGinn,30,player[12],L,"","","","","",13,14,5,-5,126,127
Eric,Gryba,30,player[12],D,"","","","","",1,8,0,3,76,213
Milan,Lucic,30,player[12],L,"","","","","",15,25,10,4,136,219
Cal,Clutterbuck,31,player[12],R,"","","","","",8,7,0,-6,98,230
Jeff,Petry,31,player[12],D,"","","","","",10,26,13,-4,171,154
Claude,Giroux,30,player[12],C,"","","","","",26,57,32,1,212,34
Jordan,Staal,30,player[12],C,"","","","","",19,30,12,2,160,163
Patrik,Berglund,30,player[12],C,"","","","","",20,13,6,-1,155,144
Derick,Brassard,31,player[12],C,"","","","","",22,26,11,-1,199,99
Michael,Grabner,31,player[12],R,"","","","","",20,12,1,0,158,68
Phil,Kessel,31,player[12],R,"","","","","",28,48,31,-2,250,10
Nicklas,Backstrom,31,player[12],C,"","","","","",20,50,26,3,161,34
Michael,Frolik,30,player[12],R,"","","","","",17,22,5,4,177,60
Artem,Anisimov,30,player[12],C,"","","","","",19,19,9,-1,141,28
Andrew,MacDonald,32,player[12],D,"","","","","",3,16,0,-1,94,54
Jonathan,Toews,30,player[12],C,"","","","","",22,36,16,2,210,41
Mathieu,Perreault,30,player[12],C,"","","","","",17,31,15,2,157,122
David,Schlemko,31,player[12],D,"","","","","",3,12,3,-1,99,75
Mark,Letestu,33,player[12],C,"","","","","",10,14,5,-6,99,70
Ben,Lovejoy,34,player[12],D,"","","","","",2,6,0,4,90,124
Alex,Killorn,29,player[12],L,"","","","","",17,26,11,6,155,82
Karl,Alzner,30,player[12],D,"","","","","",3,12,0,0,80,135
Jamie,Benn,29,player[12],L,"","","","","",31,46,25,-1,236,115
Steven,Kampfer,30,player[12],D,"","","","","",0,5,0,-3,98,159
Paul,Carey,30,player[12],C,"","","","","",6,6,0,-4,74,96
Nick,Bonino,30,player[12],C,"","","","","",12,17,3,-1,110,35
Ian,Cole,29,player[12],D,"","","","","",5,17,3,6,103,122
Justin,Braun,31,player[12],D,"","","","","",5,19,1,0,113,134
Kevin,Shattenkirk,29,player[12],D,"","","","","",10,31,17,-6,173,77
Pat,Maroon,30,player[12],L,"","","","","",18,21,8,3,151,154
James,van Riemsdyk,29,player[12],L,"","","","","",30,29,18,0,240,46
Paul,Byron,29,player[12],L,"","","","","",16,17,3,0,113,128
Sam,Gagner,29,player[12],C,"","","","","",15,22,9,-3,161,57
Logan,Couture,29,player[12],C,"","","","","",28,32,18,3,211,38
P.K.,Subban,29,player[12],D,"","","","","",12,44,22,1,205,100
Riley,Nash,29,player[12],C,"","","","","",13,22,6,4,123,89
Thomas,Hickey,29,player[12],D,"","","","","",4,18,2,0,104,93
Kyle,Turris,29,player[12],C,"","","","","",19,32,17,2,164,30
Brendan,Smith,29,player[12],D,"","","","","",3,11,1,1,112,110
Brandon,Sutter,29,player[12],C,"","","","","",14,16,3,-4,144,75
Colton,Sceviour,29,player[12],C,"","","","","",13,15,2,-2,144,94
David,Perron,30,player[12],L,"","","","","",16,38,18,-2,155,121
Carl,Gunnarsson,32,player[12],D,"","","","","",2,5,0,4,71,63
Yannick,Weber,30,player[12],D,"","","","","",1,7,0,-2,80,90
Patrick,Kane,30,player[12],R,"","","","","",29,51,27,-2,269,14
Robert,Bortuzzo,29,player[12],D,"","","","","",3,9,0,3,93,142
Evgenii,Dadonov,29,player[12],R,"","","","","",26,40,15,4,209,27
Mikael,Backlund,29,player[12],C,"","","","","",19,31,13,2,188,56
Ryan,McDonagh,29,player[12],D,"","","","","",6,27,10,4,137,90
Max,Pacioretty,30,player[12],L,"","","","","",25,29,16,-1,253,121
Jakub,Voracek,29,player[12],R,"","","","","",20,53,29,-3,227,25
Jake,Muzzin,29,player[12],D,"","","","","",10,31,14,0,178,170
Alec,Martinez,31,player[12],D,"","","","","",8,20,8,-5,125,112
Carl,Hagelin,30,player[12],L,"","","","","",14,22,4,6,156,105
Lars,Eller,29,player[12],C,"","","","","",17,18,5,-4,149,79
Wayne,Simmonds,30,player[12],R,"","","","","",23,26,16,-6,196,132
Nick,Holden,31,player[12],D,"","","","","",4,14,1,-1,90,152
Jason,Demers,30,player[12],D,"","","","","",6,18,4,0,114,87
Micheal,Haley,32,player[12],C,"","","","","",4,6,0,-1,46,141
Zack,Smith,30,player[12],L,"","","","","",13,13,2,-2,128,116
Jay,Beagle,33,player[12],C,"","","","","",7,9,0,-3,71,75
Drew,Doughty,29,player[12],D,"","","","","",13,42,20,4,199,115
Steven,Stamkos,28,player[12],C,"","","","","",27,48,28,0,229,60
Alex,Pietrangelo,28,player[12],D,"","","","","",14,38,15,3,218,51
Luke,Schenn,29,player[12],D,"","","","","",1,9,0,-6,81,257
Colin,Wilson,29,player[12],C,"","","","","",11,18,6,0,113,63
Mikkel,Boedker,29,player[12],L,"","","","","",15,23,9,-6,137,53
Josh,Bailey,29,player[12],R,"","","","","",17,40,21,-8,160,23
Tyler,Myers,28,player[12],D,"","","","","",7,27,10,1,152,71
Erik,Karlsson,28,player[12],D,"","","","","",13,56,25,-3,231,59
Luca,Sbisa,28,player[12],D,"","","","","",1,13,2,-1,87,133
Jake,Gardiner,28,player[12],D,"","","","","",8,36,14,-1,139,59
Michael,Del Zotto,28,player[12],D,"","","","","",5,17,3,-5,136,223
Jordan,Eberle,28,player[12],C,"","","","","",24,34,15,2,193,44
Tyler,Ennis,29,player[12],C,"","","","","",10,16,3,-3,127,68
John,Carlson,28,player[12],D,"","","","","",12,45,23,-1,226,49
Roman,Josi,28,player[12],D,"","","","","",15,44,22,2,253,75
Justin,Schultz,28,player[12],D,"","","","","",7,27,12,2,143,54
Travis,Hamonic,28,player[12],D,"","","","","",5,15,1,-2,124,103
Derek,Stepan,28,player[12],C,"","","","","",19,37,17,-5,200,48
Marco,Scandella,28,player[12],D,"","","","","",6,16,3,-4,133,90
Jimmy,Hayes,29,player[12],R,"","","","","",9,9,2,-2,99,122
Jori,Lehtera,31,player[12],C,"","","","","",8,12,0,0,59,75
Michael,Stone,28,player[12],D,"","","","","",3,17,3,0,112,114
Adam,Henrique,28,player[12],C,"","","","","",20,24,11,-1,157,64
Dale,Weise,30,player[12],R,"","","","","",9,7,0,-2,93,137
TJ,Brodie,28,player[12],D,"","","","","",7,33,11,-2,122,34
Gustav,Nyquist,29,player[12],R,"","","","","",20,26,10,-1,187,64
Derek,Grant,28,player[12],C,"","","","","",8,12,2,-3,95,83
Matt,Calvert,29,player[12],L,"","","","","",12,13,2,-1,120,80
Greg,Pateryn,28,player[12],D,"","","","","",3,15,1,2,104,167
Mark,Borowiecki,29,player[12],D,"","","","","",0,7,0,0,88,328
Matt,Martin,29,player[12],L,"","","","","",6,7,0,1,72,240
Cam,Atkinson,29,player[12],R,"","","","","",29,27,15,1,255,40
Jared,Spurgeon,29,player[12],D,"","","","","",10,28,13,6,154,79
Mark,Barberio,28,player[12],D,"","","","","",4,17,3,-1,104,54
Luke,Witkowski,28,player[12],R,"","","","","",4,6,0,0,46,154
Zac,Rinaldo,28,player[12],C,"","","","","",5,2,0,-4,79,261
Jordie,Benn,31,player[12],D,"","","","","",4,13,0,4,98,99
Antoine,Roussel,29,player[12],L,"","","","","",11,15,2,3,93,113
Tyler,Johnson,28,player[12],C,"","","","","",21,30,14,-2,182,51
Mike,Hoffman,29,player[12],L,"","","","","",24,33,19,-5,239,32
Tyler,Bozak,32,player[12],C,"","","","","",14,30,12,1,139,47
Jordan,Schroeder,28,player[12],C,"","","","","",8,6,0,1,75,65
Marcus,Johansson,28,player[12],L,"","","","","",16,23,11,1,129,30
Kyle,Palmieri,27,player[12],R,"","","","","",27,27,21,-2,226,112
Ryan,O'Reilly,27,player[12],C,"","","","","",24,42,22,-4,218,37
Kyle,Clifford,27,player[12],L,"","","","","",11,11,1,1,123,187
Alex,Chiasson,28,player[12],R,"","","","","",9,9,1,-3,94,85
Jakob,Silfverberg,28,player[12],R,"","","","","",21,25,10,2,197,59
John,Tavares,28,player[12],C,"","","","","",32,45,26,-8,259,29
Victor,Hedman,28,player[12],D,"","","","","",16,48,24,3,219,118
Matt,Duchene,27,player[12],C,"","","","","",24,32,14,-10,194,55
Evander,Kane,27,player[12],L,"","","","","",29,28,13,-4,303,150
Brayden,Schenn,27,player[12],C,"","","","","",25,40,22,3,205,141
Oliver,Ekman-Larsson,27,player[12],D,"","","","","",12,32,16,-8,203,141
Nazem,Kadri,28,player[12],C,"","","","","",27,30,17,-6,226,96
Magnus,Paajarvi,27,player[12],L,"","","","","",12,9,0,-1,125,105
Ryan,Ellis,27,player[12],D,"","","","","",14,29,13,6,197,57
Calvin,de Haan,27,player[12],D,"","","","","",5,17,4,1,118,117
Zack,Kassian,27,player[12],R,"","","","","",9,15,2,-4,99,148
Dmitry,Kulikov,28,player[12],D,"","","","","",2,13,2,1,83,102
Peter,Holland,27,player[12],C,"","","","","",10,13,2,-7,117,65
Nick,Leddy,27,player[12],D,"","","","","",9,34,14,-11,157,90
Chris,Kreider,27,player[12],L,"","","","","",22,25,14,1,189,134
John,Moore,28,player[12],D,"","","","","",6,14,2,-3,138,126
Brayden,McNabb,27,player[12],D,"","","","","",6,13,1,7,101,218
Reilly,Smith,27,player[12],R,"","","","","",23,34,17,3,194,55
Tomas,Tatar,28,player[12],L,"","","","","",21,20,10,-3,166,70
Tyson,Barrie,27,player[12],D,"","","","","",13,41,24,-11,215,46
Dmitry,Orlov,27,player[12],D,"","","","","",9,23,6,3,131,121
Brian,Dumoulin,27,player[12],D,"","","","","",6,18,3,7,110,106
Richard,Panik,27,player[12],R,"","","","","",16,22,8,2,151,142
Mattias,Ekholm,28,player[12],D,"","","","","",10,26,10,5,138,77
Marcus,Foligno,27,player[12],L,"","","","","",10,14,2,0,92,191
Sami,Vatanen,27,player[12],D,"","","","","",7,29,13,-4,161,99
Craig,Smith,29,player[12],R,"","","","","",24,25,12,4,209,69
Casey,Cizikas,27,player[12],C,"","","","","",9,15,1,-4,98,156
David,Savard,28,player[12],D,"","","","","",6,17,2,2,144,140
Nicolas,Deslauriers,27,player[12],L,"","","","","",9,8,0,-1,102,286
Cody,Eakin,27,player[12],C,"","","","","",13,18,3,-4,116,75
Kevin,Connauton,28,player[12],D,"","","","","",5,12,1,-6,127,128
Gabriel,Dumont,28,player[12],C,"","","","","",6,4,0,0,83,165
Gabriel,Bourque,28,player[12],L,"","","","","",5,7,0,-3,70,169
Byron,Froese,27,player[12],C,"","","","","",7,9,0,1,85,95
Ben,Chiarot,27,player[12],D,"","","","","",3,14,2,3,90,143
Erik,Haula,27,player[12],L,"","","","","",24,25,13,0,178,82
Anders,Lee,28,player[12],L,"","","","","",29,26,17,-8,208,106
Marcus,Kruger,28,player[12],C,"","","","","",8,11,0,1,62,91
Nick,Jensen,28,player[12],D,"","","","","",3,16,2,-1,105,81
Jordan,Nolan,29,player[12],C,"","","","","",6,6,0,-4,61,140
Nic,Dowd,28,player[12],C,"","","","","",8,10,0,-3,73,125
Darren,Archibald,28,player[12],R,"","","","","",8,12,1,-1,93,220
Brandon,Manning,28,player[12],D,"","","","","",6,15,2,-2,132,139
Brenden,Dillon,28,player[12],D,"","","","","",5,15,2,2,99,183
Radko,Gudas,28,player[12],D,"","","","","",5,17,2,2,155,208
Nate,Prosser,32,player[12],D,"","","","","",0,5,0,1,47,89
Matt,Irwin,31,player[12],D,"","","","","",2,9,0,1,99,127
Christopher,Tanev,29,player[12],D,"","","","","",3,13,1,-1,69,50
Mats,Zuccarello,31,player[12],R,"","","","","",18,34,15,-1,170,64
Calle,Jarnkrok,27,player[12],C,"","","","","",17,19,6,0,137,50
Oscar,Lindberg,27,player[12],C,"","","","","",12,11,1,2,111,103
Jason,Zucker,26,player[12],L,"","","","","",27,29,13,6,214,78
Tyler,Toffoli,26,player[12],R,"","","","","",26,28,13,-1,231,71
Ryan,Spooner,26,player[12],C,"","","","","",17,32,15,-4,161,77
Johan,Larsson,26,player[12],C,"","","","","",10,12,0,-8,92,117
Stephen,Johns,26,player[12],D,"","","","","",6,12,1,1,135,206
Greg,McKegg,26,player[12],C,"","","","","",7,5,0,1,73,76
Connor,Brickley,26,player[12],L,"","","","","",9,14,2,0,104,147
Jordan,Weal,26,player[12],C,"","","","","",13,15,3,0,121,34
Evgeny,Kuznetsov,26,player[12],C,"","","","","",24,51,26,2,202,47
Charlie,Coyle,26,player[12],C,"","","","","",16,28,8,0,150,93
Patrik,Nemeth,26,player[12],D,"","","","","",3,14,1,1,98,90
Jon,Merrill,26,player[12],D,"","","","","",3,9,0,-1,79,90
Tyler,Pitlick,27,player[12],C,"","","","","",14,13,2,2,134,125
Justin,Faulk,26,player[12],D,"","","","","",12,28,16,-6,227,127
Brock,Nelson,27,player[12],C,"","","","","",18,19,7,-7,152,55
Alexander,Petrovic,26,player[12],D,"","","","","",3,18,2,4,86,166
Devante,Smith-Pelly,26,player[12],R,"","","","","",10,11,0,-5,113,153
Nick,Bjugstad,26,player[12],C,"","","","","",19,27,11,0,208,94
Derek,Forbort,26,player[12],D,"","","","","",4,18,2,2,94,146
Kevin,Hayes,26,player[12],C,"","","","","",21,26,9,-1,178,48
Cam,Fowler,27,player[12],D,"","","","","",10,28,12,-2,162,37
Vladimir,Tarasenko,27,player[12],R,"","","","","",35,38,22,2,293,70
Austin,Watson,26,player[12],L,"","","","","",11,12,1,-1,108,178
Jaden,Schwartz,26,player[12],L,"","","","","",27,42,18,8,209,63
Riley,Sheahan,27,player[12],C,"","","","","",12,18,4,-2,117,65
Chris,Wagner,27,player[12],R,"","","","","",8,9,0,-4,94,232
Jeff,Skinner,26,player[12],C,"","","","","",28,29,14,-5,262,36
Zach,Hyman,26,player[12],C,"","","","","",16,23,5,-1,154,112
Erik,Gudbranson,26,player[12],D,"","","","","",2,9,0,-6,96,186
Taylor,Hall,27,player[12],L,"","","","","",34,50,30,-2,292,66
Brett,Connolly,26,player[12],R,"","","","","",11,14,4,-2,109,94
Ryan,Johansen,26,player[12],C,"","","","","",17,43,20,3,155,83
Tyler,Seguin,26,player[12],C,"","","","","",36,46,27,-4,316,63
Mark,Pysyk,26,player[12],D,"","","","","",6,15,1,1,105,99
Mikael,Granlund,26,player[12],R,"","","","","",22,43,20,4,198,51
Nino,Niederreiter,26,player[12],R,"","","","","",23,24,11,3,176,82
Joakim,Nordstrom,26,player[12],C,"","","","","",10,11,0,-1,96,120
Bryan,Rust,26,player[12],R,"","","","","",16,26,8,5,151,113
Joonas,Donskoi,26,player[12],R,"","","","","",18,24,9,5,150,43
Tom,Kuhnhackl,26,player[12],R,"","","","","",8,11,0,-1,75,154
Marcus,Sorensen,26,player[12],L,"","","","","",7,9,0,0,91,74
Tim,Heed,27,player[12],D,"","","","","",6,21,8,1,149,34
Brendan,Gallagher,26,player[12],R,"","","","","",29,32,16,2,261,83
Jesper,Fast,27,player[12],R,"","","","","",11,19,2,-1,100,135
Anthony,Bitetto,28,player[12],D,"","","","","",1,10,0,-1,67,113
Brandon,Davidson,27,player[12],D,"","","","","",5,10,0,2,107,153
John,Klingberg,26,player[12],D,"","","","","",12,50,23,2,197,43
Micheal,Ferland,26,player[12],L,"","","","","",17,21,7,-1,153,171
Mark,Stone,26,player[12],R,"","","","","",25,44,20,1,193,62
Kevan,Miller,31,player[12],D,"","","","","",3,15,1,9,74,182
Cory,Conacher,29,player[12],C,"","","","","",12,12,2,0,111,73
Brian,Gibbons,30,player[12],C,"","","","","",11,15,1,0,106,54
Ryan,Dzingel,26,player[12],L,"","","","","",18,21,7,-2,144,70
Ondrej,Palat,27,player[12],L,"","","","","",18,31,14,1,163,112
Scott,Wilson,26,player[12],C,"","","","","",11,13,1,-3,118,147
Rob,O'Gara,25,player[12],D,"","","","","",1,7,0,-1,68,118
Lukas,Sedlak,25,player[12],C,"","","","","",9,8,0,3,82,115
Josh,Manson,27,player[12],D,"","","","","",8,22,4,7,124,175
Max,McCormick,26,player[12],L,"","","","","",8,7,0,-1,102,152
Josh,Archibald,26,player[12],R,"","","","","",9,9,0,-1,91,161
Dylan,DeMelo,25,player[12],D,"","","","","",4,20,5,2,98,99
Johnny,Gaudreau,25,player[12],L,"","","","","",26,56,27,0,233,14
Tobias,Rieder,25,player[12],R,"","","","","",14,19,5,-5,141,89
Fredrik,Claesson,26,player[12],D,"","","","","",2,13,0,1,82,184
Nick,Seeler,25,player[12],D,"","","","","",2,13,2,4,74,82
Sean,Kuraly,25,player[12],C,"","","","","",10,13,1,1,138,150
Andrew,Shaw,27,player[12],R,"","","","","",16,19,9,-2,151,129
Vincent,Trocheck,25,player[12],C,"","","","","",29,41,22,-4,261,128
Adam,Lowry,25,player[12],C,"","","","","",14,19,6,5,128,203
Nick,Cousins,25,player[12],C,"","","","","",15,14,3,-2,135,124
Blake,Coleman,27,player[12],C,"","","","","",12,13,2,2,142,204
Andy,Andreoff,27,player[12],C,"","","","","",8,7,0,-1,80,137
Alan,Quine,25,player[12],C,"","","","","",9,9,1,-3,75,119
Jean-Gabriel,Pageau,26,player[12],C,"","","","","",15,20,4,1,152,133
Mike,Reilly,25,player[12],D,"","","","","",4,18,5,-3,104,62
Reid,Boucher,25,player[12],C,"","","","","",14,14,5,-2,149,60
Scott,Mayfield,26,player[12],D,"","","","","",3,16,2,-4,112,130
Boone,Jenner,25,player[12],C,"","","","","",19,20,7,-3,201,199
Dmitrij,Jaskin,25,player[12],R,"","","","","",10,15,3,6,122,197
Victor,Rask,25,player[12],C,"","","","","",18,26,13,-1,160,65
Brandon,Saad,26,player[12],L,"","","","","",23,25,8,1,221,35
Brett,Ritchie,25,player[12],R,"","","","","",13,12,3,1,141,182
Markus,Granlund,25,player[12],C,"","","","","",15,11,3,-5,137,72
Joel,Edmundson,25,player[12],D,"","","","","",7,16,3,6,142,141
Matt,Nieto,26,player[12],L,"","","","","",12,15,1,-3,114,45
Xavier,Ouellet,25,player[12],D,"","","","","",4,13,2,0,110,79
Miikka,Salomaki,25,player[12],R,"","","","","",8,11,0,0,75,164
William,Karlsson,25,player[12],C,"","","","","",28,33,14,7,184,50
Scott,Harrington,25,player[12],D,"","","","","",2,7,0,0,85,97
Nikita,Kucherov,25,player[12],R,"","","","","",38,56,35,2,281,27
Ryan,Nugent-Hopkins,25,player[12],C,"","","","","",24,32,15,-1,205,56
Gabriel,Landeskog,26,player[12],L,"","","","","",23,35,17,-3,198,140
Jonathan,Huberdeau,25,player[12],L,"","","","","",26,44,19,0,210,40
Adam,Larsson,26,player[12],D,"","","","","",5,15,2,4,113,263
Ryan,Strome,25,player[12],C,"","","","","",15,24,8,-2,148,56
Mika,Zibanejad,25,player[12],C,"","","","","",27,31,18,-2,223,92
Mark,Scheifele,25,player[12],C,"","","","","",28,44,22,5,198,62
Sean,Couturier,26,player[12],C,"","","","","",27,41,17,6,212,64
Dougie,Hamilton,25,player[12],D,"","","","","",17,36,17,4,249,78
Jonas,Brodin,25,player[12],D,"","","","","",6,17,4,4,105,49
Ryan,Murphy,25,player[12],D,"","","","","",4,14,3,1,110,38
Sven,Baertschi,26,player[12],L,"","","","","",17,19,10,-5,143,40
Jamie,Oleksiak,26,player[12],D,"","","","","",4,14,2,3,103,188
J.T.,Miller,25,player[12],C,"","","","","",20,33,14,2,156,115
Joel,Armia,25,player[12],R,"","","","","",14,19,5,2,137,93
Nathan,Beaulieu,26,player[12],D,"","","","","",5,18,4,-2,105,71
Oscar,Klefbom,25,player[12],D,"","","","","",10,24,9,0,225,63
Connor,Murphy,25,player[12],D,"","","","","",5,17,3,2,117,152
Stefan,Noesen,25,player[12],R,"","","","","",15,15,3,4,143,121
Joe,Morrow,26,player[12],D,"","","","","",5,17,5,0,129,113
Phillip,Danault,25,player[12],C,"","","","","",16,24,7,1,144,89
Vladislav,Namestnikov,26,player[12],C,"","","","","",20,26,12,1,153,77
Rickard,Rakell,25,player[12],C,"","","","","",32,33,19,-2,237,108
Seth,Griffith,25,player[12],C,"","","","","",6,12,2,1,74,61
Colin,Miller,26,player[12],D,"","","","","",10,29,12,5,168,145
Jonathan,Marchessault,28,player[12],C,"","","","","",26,38,19,0,249,96
Zack,Mitchell,25,player[12],R,"","","","","",6,3,0,0,82,99
Barclay,Goodrow,25,player[12],R,"","","","","",10,13,2,2,103,113
Brad,Hunt,30,player[12],D,"","","","","",4,22,10,0,138,43
Torey,Krug,27,player[12],D,"","","","","",13,46,24,1,223,76
J.T.,Brown,28,player[12],R,"","","","","",8,10,0,1,82,123
Luke,Glendening,29,player[12],C,"","","","","",9,11,0,-2,99,154
Yanni,Gourde,27,player[12],C,"","","","","",20,35,12,3,150,54
Ryan,Murray,25,player[12],D,"","","","","",5,18,4,2,85,63
Alex,Galchenyuk,24,player[12],C,"","","","","",23,34,19,-7,202,39
Morgan,Rielly,24,player[12],D,"","","","","",9,38,19,-4,199,56
Hampus,Lindholm,24,player[12],D,"","","","","",14,24,11,5,167,105
Matt,Dumba,24,player[12],D,"","","","","",12,29,13,-2,183,120
Pontus,Aberg,25,player[12],L,"","","","","",10,14,3,0,106,49
Phillip,Di Giuseppe,25,player[12],L,"","","","","",10,17,3,-1,120,151
Brendan,Gaunce,24,player[12],C,"","","","","",10,9,1,-1,114,116
Brady,Skjei,24,player[12],D,"","","","","",6,26,7,-5,154,124
Tanner,Pearson,26,player[12],L,"","","","","",20,25,8,1,173,110
Scott,Laughton,24,player[12],C,"","","","","",12,17,2,0,114,121
Mark,Jankowski,24,player[12],C,"","","","","",17,15,4,1,144,49
Olli,Maatta,24,player[12],D,"","","","","",9,21,7,5,158,123
Mike,Matheson,24,player[12],D,"","","","","",10,19,5,0,180,64
Zemgus,Girgensons,24,player[12],C,"","","","","",12,14,2,-5,129,146
Cody,Ceci,25,player[12],D,"","","","","",5,17,3,-7,147,144
Tom,Wilson,24,player[12],R,"","","","","",13,20,5,0,130,235
Tomas,Hertl,25,player[12],C,"","","","","",23,28,12,2,189,86
Teuvo,Teravainen,24,player[12],L,"","","","","",22,38,19,3,188,31
Derrick,Pouliot,24,player[12],D,"","","","","",4,24,7,1,106,93
Jacob,Trouba,24,player[12],D,"","","","","",9,26,8,3,200,123
Slater,Koekkoek,24,player[12],D,"","","","","",5,12,2,1,116,88
Filip,Forsberg,24,player[12],L,"","","","","",30,39,24,4,237,93
Radek,Faksa,24,player[12],C,"","","","","",17,21,5,4,138,102
Matt,Grzelcyk,24,player[12],D,"","","","","",5,18,5,8,123,68
Colton,Parayko,25,player[12],D,"","","","","",10,31,11,7,202,110
Brendan,Leipsic,24,player[12],L,"","","","","",11,23,5,-2,137,55
Oskar,Sundqvist,24,player[12],C,"","","","","",8,11,1,2,78,98
Esa,Lindell,24,player[12],D,"","","","","",8,21,7,2,145,97
Chandler,Stephenson,24,player[12],C,"","","","","",6,13,0,1,67,45
Shayne,Gostisbehere,25,player[12],D,"","","","","",14,46,27,0,232,51
Devin,Shore,24,player[12],C,"","","","","",14,24,8,-3,128,71
Jujhar,Khaira,24,player[12],L,"","","","","",10,15,2,0,103,146
Adam,Pelech,24,player[12],D,"","","","","",4,18,3,-1,116,110
Jimmy,Vesey,25,player[12],L,"","","","","",16,14,4,-10,142,85
Chris,Tierney,24,player[12],C,"","","","","",16,23,7,-2,127,39
Jordan,Martinook,26,player[12],L,"","","","","",11,14,1,-2,109,114
Boo,Nieves,24,player[12],C,"","","","","",7,16,4,2,75,89
Damon,Severson,24,player[12],D,"","","","","",8,25,7,-3,142,107
Martin,Frk,25,player[12],R,"","","","","",13,18,6,-2,126,93
Colton,Sissons,25,player[12],C,"","","","","",12,15,4,2,110,132
Jake,McCabe,25,player[12],D,"","","","","",5,16,3,-1,96,149
Brock,McGinn,24,player[12],L,"","","","","",16,19,5,0,153,132
Connor,Carrick,24,player[12],D,"","","","","",6,13,4,2,117,85
Charles,Hudon,24,player[12],L,"","","","","",14,26,9,-3,193,136
Dominic,Toninato,24,player[12],C,"","","","","",7,7,0,1,56,67
Taylor,Leier,24,player[12],L,"","","","","",9,11,1,0,92,40
Jaccob,Slavin,24,player[12],D,"","","","","",11,28,8,5,151,54
Andreas,Athanasiou,24,player[12],C,"","","","","",20,19,6,-5,182,38
Gemel,Smith,24,player[12],C,"","","","","",10,13,1,2,93,65
Brett,Kulak,24,player[12],D,"","","","","",4,12,1,3,96,64
Kevin,Roy,25,player[12],L,"","","","","",13,3,0,-1,108,47
Cedric,Paquette,25,player[12],C,"","","","","",10,10,1,0,94,164
Erik,Gustafsson,26,player[12],D,"","","","","",7,25,8,4,163,72
Josh,Anderson,24,player[12],R,"","","","","",23,19,7,4,207,137
Danny,O'Regan,24,player[12],C,"","","","","",8,10,3,0,71,35
Matt,Benning,24,player[12],D,"","","","","",6,19,4,1,131,156
Vinnie,Hinostroza,24,player[12],C,"","","","","",13,23,8,1,142,51
Jake,Dotchin,24,player[12],D,"","","","","",3,18,3,4,107,158
Connor,Brown,24,player[12],R,"","","","","",16,18,5,-1,133,36
Ben,Hutton,25,player[12],D,"","","","","",5,18,4,-8,136,62
Alexander,Kerfoot,24,player[12],C,"","","","","",13,26,9,-2,115,47
Christian,Djoos,24,player[12],D,"","","","","",4,15,3,5,96,43
Joakim,Ryan,25,player[12],D,"","","","","",5,16,2,4,114,56
Kurtis,MacDermid,24,player[12],D,"","","","","",1,10,0,-2,66,177
Andrej,Sustr,28,player[12],D,"","","","","",5,13,1,-1,89,37
Tim,Schaller,28,player[12],C,"","","","","",12,14,1,3,124,124
Danny,DeKeyser,28,player[12],D,"","","","","",5,11,0,-1,93,100
Nate,Schmidt,27,player[12],D,"","","","","",6,25,8,4,116,58
Carter,Rowney,29,player[12],R,"","","","","",4,7,0,0,47,141
Chad,Ruhwedel,28,player[12],D,"","","","","",3,12,1,3,119,121
Michael,Raffl,30,player[12],L,"","","","","",12,12,1,0,107,105
John,Gilmour,25,player[12],D,"","","","","",5,11,2,-2,178,86
MacKenzie,Weegar,24,player[12],D,"","","","","",3,13,1,4,93,145
Tyler,Motte,23,player[12],C,"","","","","",11,8,1,0,119,149
Will,Butcher,23,player[12],D,"","","","","",6,41,16,7,115,28
Tucker,Poolman,25,player[12],D,"","","","","",3,8,0,2,102,79
Jonny,Brodzinski,25,player[12],R,"","","","","",11,7,1,-1,130,90
John,Hayden,23,player[12],R,"","","","","",9,17,3,0,111,195
Pavel,Buchnevich,23,player[12],R,"","","","","",17,31,13,-3,156,56
Jake,Guentzel,24,player[12],C,"","","","","",22,33,12,3,179,126
Mattias,Janmark,26,player[12],C,"","","","","",18,19,5,-2,141,25
Anthony,Duclair,23,player[12],L,"","","","","",17,20,7,0,141,63
Sven,Andrighetto,25,player[12],R,"","","","","",16,23,10,-4,164,71
Oliver,Bjorkstrand,23,player[12],R,"","","","","",16,30,10,3,168,64
Miles,Wood,23,player[12],L,"","","","","",19,19,6,-2,180,84
Andrew,Copp,24,player[12],C,"","","","","",12,17,3,7,101,101
Ben,Harpur,23,player[12],D,"","","","","",2,8,0,-2,66,141
Andre,Burakovsky,23,player[12],L,"","","","","",17,24,8,1,143,58
Shea,Theodore,23,player[12],D,"","","","","",9,28,11,-2,191,46
Marko,Dano,24,player[12],C,"","","","","",10,12,1,1,98,109
Jason,Dickinson,23,player[12],C,"","","","","",9,9,0,0,57,130
Ryan,Hartman,24,player[12],R,"","","","","",16,21,6,0,150,115
Ian,McCoshen,23,player[12],D,"","","","","",2,9,0,0,82,149
Adam,Erne,23,player[12],L,"","","","","",11,7,1,0,118,144
Jacob,de la Rose,23,player[12],L,"","","","","",8,12,2,-1,87,177
J.T.,Compher,23,player[12],L,"","","","","",16,17,6,-5,157,61
Remi,Elie,23,player[12],L,"","","","","",10,15,2,1,90,116
Robert,Hagg,23,player[12],D,"","","","","",3,9,0,-3,119,256
Steven,Santini,23,player[12],D,"","","","","",4,14,2,-3,134,224
Gustav,Olofsson,24,player[12],D,"","","","","",3,15,3,2,60,59
Madison,Bowey,23,player[12],D,"","","","","",3,20,3,-3,91,83
Artturi,Lehkonen,23,player[12],L,"","","","","",19,17,6,0,194,88
William,Carrier,24,player[12],L,"","","","","",8,9,0,1,107,228
Tyler,Bertuzzi,23,player[12],L,"","","","","",13,23,7,-1,145,91
Brett,Pesce,24,player[12],D,"","","","","",8,21,5,1,122,74
Nick,Baptiste,23,player[12],R,"","","","","",12,7,1,-1,116,54
Nathan,MacKinnon,23,player[12],C,"","","","","",36,53,31,-4,307,39
Aleksander,Barkov,23,player[12],C,"","","","","",30,49,23,5,253,31
Jonathan,Drouin,23,player[12],C,"","","","","",18,36,19,-4,182,58
Seth,Jones,24,player[12],D,"","","","","",17,41,21,6,238,88
Elias,Lindholm,24,player[12],C,"","","","","",18,35,14,-1,168,96
Sean,Monahan,24,player[12],C,"","","","","",30,39,22,-1,227,37
Darnell,Nurse,23,player[12],D,"","","","","",8,20,4,3,187,158
Rasmus,Ristolainen,24,player[12],D,"","","","","",8,38,21,-8,208,195
Bo,Horvat,23,player[12],C,"","","","","",24,30,16,-6,199,51
Max,Domi,23,player[12],L,"","","","","",15,35,13,-6,157,48
Josh,Morrissey,23,player[12],D,"","","","","",7,20,4,6,123,136
Alexander,Wennberg,24,player[12],C,"","","","","",13,37,14,9,114,40
Ryan,Pulock,24,player[12],D,"","","","","",10,25,10,-5,214,125
Nikita,Zadorov,23,player[12],D,"","","","","",4,18,3,-5,117,258
Curtis,Lazar,23,player[12],C,"","","","","",9,16,2,2,85,152
Mirco,Mueller,23,player[12],D,"","","","","",4,11,1,1,72,56
Anthony,Mantha,24,player[12],R,"","","","","",23,28,12,1,197,84
Ross,Johnston,24,player[12],L,"","","","","",7,5,0,-1,83,154
Josh,Jooris,28,player[12],R,"","","","","",9,10,0,0,98,103
Conor,Sheary,26,player[12],L,"","","","","",20,21,6,3,154,37
Trevor,van Riemsdyk,27,player[12],D,"","","","","",6,15,3,10,112,43
Ryan,Carpenter,27,player[12],C,"","","","","",13,10,1,-1,133,117
Christian,Folin,27,player[12],D,"","","","","",2,13,1,3,80,184
Jordan,Oesterle,26,player[12],D,"","","","","",6,18,4,0,148,93
Daniel,Carr,27,player[12],L,"","","","","",12,15,5,0,120,69
Garnet,Hathaway,27,player[12],R,"","","","","",7,13,2,3,87,199
Frederick,Gaudreau,25,player[12],C,"","","","","",7,8,1,0,59,46
Melker,Karlsson,28,player[12],C,"","","","","",11,12,0,-3,95,95
Pierre-Edouard,Bellemare,33,player[12],L,"","","","","",8,8,0,2,86,63
Tomas,Nosek,26,player[12],L,"","","","","",11,11,1,0,111,74
Aaron,Ekblad,22,player[12],D,"","","","","",15,26,11,-4,216,76
Sam,Reinhart,23,player[12],C,"","","","","",25,32,18,-3,195,46
Leon,Draisaitl,23,player[12],C,"","","","","",27,47,20,3,205,38
Sam,Bennett,22,player[12],C,"","","","","",17,21,7,-3,154,130
Jake,Virtanen,22,player[12],R,"","","","","",13,14,3,-3,146,163
Haydn,Fleury,22,player[12],D,"","","","","",3,15,2,-1,117,109
Nikolaj,Ehlers,22,player[12],L,"","","","","",28,38,18,4,230,40
Nick,Ritchie,23,player[12],L,"","","","","",13,19,5,0,144,219
Kevin,Fiala,22,player[12],L,"","","","","",24,28,12,1,199,45
Brendan,Perlini,22,player[12],L,"","","","","",18,17,8,-7,155,88
Jakub,Vrana,22,player[12],L,"","","","","",16,19,6,3,156,44
Julius,Honka,23,player[12],D,"","","","","",4,14,2,-1,107,53
Dylan,Larkin,22,player[12],C,"","","","","",22,36,14,-2,227,72
Sonny,Milano,22,player[12],L,"","","","","",16,16,5,0,127,51
Travis,Sanheim,22,player[12],D,"","","","","",5,19,4,1,134,57
Alex,Tuch,22,player[12],R,"","","","","",17,27,10,0,183,100
Tony,DeAngelo,23,player[12],D,"","","","","",5,22,9,-2,165,81
Nick,Schmaltz,22,player[12],C,"","","","","",18,35,13,1,144,23
Kasperi,Kapanen,22,player[12],R,"","","","","",14,11,2,0,133,119
Jared,McCann,22,player[12],C,"","","","","",15,21,6,0,164,61
David,Pastrnak,22,player[12],R,"","","","","",33,45,25,2,257,53
Nikita,Scherbak,23,player[12],R,"","","","","",14,10,4,-1,129,64
Nikolay,Goldobin,23,player[12],R,"","","","","",15,12,3,-1,121,36
Joshua,Ho-Sang,22,player[12],R,"","","","","",11,24,7,0,96,21
Adrian,Kempe,22,player[12],C,"","","","","",15,24,7,-4,137,90
Ivan,Barbashev,23,player[12],C,"","","","","",10,15,1,2,88,106
Marcus,Pettersson,22,player[12],D,"","","","","",3,11,3,1,85,76
Brandon,Montour,24,player[12],D,"","","","","",8,24,9,1,173,96
Christian,Dvorak,22,player[12],C,"","","","","",17,24,8,-4,154,92
Brayden,Point,22,player[12],C,"","","","","",29,37,16,0,217,31
Michael,Amadio,22,player[12],C,"","","","","",9,13,3,1,84,52
Viktor,Arvidsson,25,player[12],L,"","","","","",29,32,13,0,250,34
Danton,Heinen,23,player[12],C,"","","","","",17,34,12,5,155,51
Gustav,Forsling,22,player[12],D,"","","","","",6,17,6,-3,163,60
Oskar,Lindblom,22,player[12],L,"","","","","",11,16,5,2,133,99
Anton,Lindholm,24,player[12],D,"","","","","",1,8,0,-2,53,169
Anders,Bjork,22,player[12],L,"","","","","",11,20,7,1,104,58
Kevin,Labanc,23,player[12],R,"","","","","",16,29,13,3,159,40
Ondrej,Kase,23,player[12],R,"","","","","",21,25,8,3,180,45
Frank,Vatrano,24,player[12],C,"","","","","",16,13,3,1,166,103
Noah,Hanifin,21,player[12],D,"","","","","",11,30,12,0,173,83
Kyle,Connor,22,player[12],L,"","","","","",28,32,13,-1,213,23
Colin,White,21,player[12],C,"","","","","",11,11,3,-1,107,56
Pavel,Zacha,21,player[12],C,"","","","","",14,24,8,1,136,82
Connor,McDavid,21,player[12],C,"","","","","",38,70,31,7,281,17
Jack,Eichel,22,player[12],C,"","","","","",30,45,26,-10,296,53
Vince,Dunn,22,player[12],D,"","","","","",7,26,9,1,164,43
Travis,Dermott,22,player[12],D,"","","","","",4,26,6,5,136,105
Timo,Meier,22,player[12],R,"","","","","",21,21,7,1,214,108
Mikko,Rantanen,22,player[12],R,"","","","","",26,45,25,-4,196,32
Sebastian,Aho,21,player[12],R,"","","","","",28,40,19,0,228,62
Christian,Fischer,21,player[12],R,"","","","","",17,23,8,-5,169,109
Travis,Konecny,21,player[12],C,"","","","","",22,27,9,0,190,95
Dylan,Strome,21,player[12],C,"","","","","",14,17,6,-2,133,39
Brandon,Carlo,22,player[12],D,"","","","","",6,12,2,4,97,100
Brock,Boeser,21,player[12],R,"","","","","",33,35,21,-5,253,35
Mathew,Barzal,21,player[12],C,"","","","","",22,63,25,1,193,17
Noah,Juulsen,21,player[12],D,"","","","","",4,13,2,-1,133,195
Jack,Roslovic,21,player[12],C,"","","","","",13,20,6,0,123,57
Zach,Werenski,21,player[12],D,"","","","","",16,35,15,7,229,60
Anthony,Beauvillier,21,player[12],C,"","","","","",20,22,9,-1,167,92
Thomas,Chabot,21,player[12],D,"","","","","",9,24,8,-4,149,63
Mitchell,Marner,21,player[12],C,"","","","","",23,49,24,0,209,31
Filip,Chlapik,21,player[12],C,"","","","","",9,15,4,1,97,85
Joel,Eriksson Ek,21,player[12],C,"","","","","",12,17,3,2,136,140
Jake,DeBrusk,22,player[12],L,"","","","","",19,33,12,3,180,78
Ivan,Provorov,21,player[12],D,"","","","","",13,31,9,1,211,133
Markus,Hannikainen,25,player[12],L,"","","","","",8,8,0,0,83,89
Evan,Rodrigues,25,player[12],L,"","","","","",14,23,8,-1,157,42
Artemi,Panarin,27,player[12],L,"","","","","",29,52,26,9,224,16
Noel,Acciari,27,player[12],C,"","","","","",8,7,0,2,94,197
Derek,Ryan,32,player[12],C,"","","","","",14,22,7,1,119,56
Denis,Malgin,21,player[12],C,"","","","","",16,19,8,1,145,79
Dominik,Simon,24,player[12],C,"","","","","",10,20,4,3,102,91
Markus,Nutivaara,24,player[12],D,"","","","","",7,19,5,5,122,64
Tanner,Fritz,27,player[12],C,"","","","","",6,9,0,-1,72,139
Casey,Nelson,26,player[12],D,"","","","","",4,14,2,-2,111,78
Brandon,Tanev,27,player[12],L,"","","","","",8,11,1,3,104,226
Matthew,Tkachuk,21,player[12],L,"","","","","",27,39,19,2,221,85
Auston,Matthews,21,player[12],C,"","","","","",38,38,21,-2,275,19
Charlie,McAvoy,21,player[12],D,"","","","","",7,35,11,8,132,157
Alex,DeBrincat,21,player[12],R,"","","","","",25,31,13,1,199,42
Patrik,Laine,20,player[12],R,"","","","","",37,36,24,-1,259,67
Clayton,Keller,20,player[12],C,"","","","","",24,46,18,-7,223,10
Jesse,Puljujarvi,20,player[12],R,"","","","","",17,19,6,1,173,84
Jakob,Chychrun,20,player[12],D,"","","","","",8,20,6,-3,167,120
Tyson,Jost,20,player[12],C,"","","","","",17,17,7,-4,157,51
Victor,Mete,20,player[12],D,"","","","","",4,14,5,5,93,22
Samuel,Girard,20,player[12],D,"","","","","",6,25,9,-2,121,60
Pierre-Luc,Dubois,20,player[12],C,"","","","","",21,36,15,5,183,116
Jesper,Bratt,20,player[12],L,"","","","","",15,28,10,-3,135,53
Mikhail,Sergachev,20,player[12],D,"","","","","",9,35,14,3,169,92
Tage,Thompson,21,player[12],C,"","","","","",11,17,4,-1,119,84
Troy,Stecher,24,player[12],D,"","","","","",4,18,4,-4,128,121
Nikita,Zaitsev,27,player[12],D,"","","","","",3,19,3,-4,97,148
Drake,Caggiula,24,player[12],L,"","","","","",14,14,4,-4,136,162
Michal,Kempny,28,player[12],D,"","","","","",4,11,1,1,123,98
Maxim,Mamin,23,player[12],C,"","","","","",10,8,0,2,100,156
Nolan,Patrick,20,player[12],C,"","","","","",17,24,8,0,158,59
Nico,Hischier,19,player[12],C,"","","","","",21,35,12,-1,198,55
Alex,Iafallo,25,player[12],L,"","","","","",13,19,5,1,140,64
Jakub,Jerabek,27,player[12],D,"","","","","",2,14,1,0,87,99
David,Kampf,23,player[12],C,"","","","","",10,16,2,2,94,62
Neal,Pionk,23,player[12],D,"","","","","",4,31,11,-6,170,132
Oscar,Fantenberg,27,player[12],D,"","","","","",3,16,6,0,111,126
Andreas,Borgman,23,player[12],D,"","","","","",3,14,2,1,100,192
Jan,Rutta,28,player[12],D,"","","","","",4,19,4,-1,113,44
Sebastian,Aho,22,player[12],D,"","","","","",4,11,3,-2,109,51
John,Gibson,25,player[13],G,60,32,0.9178,2.4742,4,"","","","","",""
Ryan,Miller,38,player[13],G,22,12,0.9199,2.411,1,"","","","","",""
Antti,Raanta,29,player[13],G,55,26,0.9252,2.4235,3,"","","","","",""
Darcy,Kuemper,28,player[13],G,27,13,0.9104,2.903,2,"","","","","",""
Tuukka,Rask,31,player[13],G,59,32,0.9148,2.4538,4,"","","","","",""
Jaroslav,Halak,33,player[13],G,23,13,0.9102,2.5862,2,"","","","","",""
Carter,Hutton,33,player[13],G,51,23,0.9175,2.6813,3,"","","","","",""
Linus,Ullmark,25,player[13],G,31,14,0.9197,2.6098,2,"","","","","",""
Mike,Smith,36,player[13],G,57,31,0.9175,2.442,4,"","","","","",""
David,Rittich,26,player[13],G,25,13,0.9024,2.889,2,"","","","","",""
Scott,Darling,30,player[13],G,34,18,0.9054,2.6677,2,"","","","","",""
Petr,Mrazek,26,player[13],G,33,17,0.9110,2.5098,2,"","","","","",""
Curtis,McElhinney,35,player[13],G,15,8,0.9170,2.3406,1,"","","","","",""
Corey,Crawford,34,player[13],G,50,24,0.9238,2.4155,3,"","","","","",""
Cam,Ward,34,player[13],G,21,10,0.9053,3.002,1,"","","","","",""
Anton,Forsberg,26,player[13],G,11,5,0.8989,3.2049,1,"","","","","",""
Semyon,Varlamov,30,player[13],G,52,25,0.9121,2.8568,3,"","","","","",""
Philipp,Grubauer,27,player[13],G,30,15,0.9234,2.4895,2,"","","","","",""
Sergei,Bobrovsky,30,player[13],G,63,36,0.9244,2.336,4,"","","","","",""
Joonas,Korpisalo,24,player[13],G,19,11,0.9091,2.8088,1,"","","","","",""
Ben,Bishop,32,player[13],G,54,26,0.9170,2.4485,3,"","","","","",""
Anton,Khudobin,32,player[13],G,28,14,0.9045,2.8173,2,"","","","","",""
Jimmy,Howard,34,player[13],G,47,17,0.9103,2.7538,2,"","","","","",""
Jonathan,Bernier,30,player[13],G,35,12,0.9110,2.7323,1,"","","","","",""
Cam,Talbot,31,player[13],G,65,32,0.9133,2.679,4,"","","","","",""
Mikko,Koskinen,30,player[13],G,17,8,0.9116,2.7316,1,"","","","","",""
Roberto,Luongo,39,player[13],G,40,20,0.9207,2.5297,2,"","","","","",""
Michael,Hutchinson,28,player[13],G,10,5,0.9027,3.1039,1,"","","","","",""
James,Reimer,30,player[13],G,32,16,0.9192,2.5775,2,"","","","","",""
Jonathan,Quick,32,player[13],G,50,23,0.9189,2.2789,3,"","","","","",""
Jack,Campbell,26,player[13],G,24,11,0.9116,2.484,1,"","","","","",""
Peter,Budaj,36,player[13],G,8,4,0.9142,2.411,0,"","","","","",""
Devan,Dubnyk,32,player[13],G,60,30,0.9211,2.367,4,"","","","","",""
Alex,Stalock,31,player[13],G,22,11,0.9025,2.925,1,"","","","","",""
Carey,Price,31,player[13],G,55,26,0.9168,2.5376,3,"","","","","",""
Antti,Niemi,35,player[13],G,27,13,0.9103,2.7359,2,"","","","","",""
Pekka,Rinne,36,player[13],G,55,34,0.9200,2.4,4,"","","","","",""
Juuse,Saros,23,player[13],G,27,17,0.9193,2.421,2,"","","","","",""
Keith,Kinkaid,29,player[13],G,32,16,0.9096,2.7662,2,"","","","","",""
Eddie,Lack,30,player[13],G,6,3,0.8996,3.0722,0,"","","","","",""
Cory,Schneider,32,player[13],G,44,21,0.9155,2.5857,3,"","","","","",""
Thomas,Greiss,32,player[13],G,34,15,0.9123,2.859,2,"","","","","",""
Robin,Lehner,27,player[13],G,48,22,0.9136,2.8166,3,"","","","","",""
Henrik,Lundqvist,36,player[13],G,62,26,0.9160,2.6796,3,"","","","","",""
Marek,Mazanec,27,player[13],G,20,8,0.9116,2.82,1,"","","","","",""
Craig,Anderson,37,player[13],G,55,21,0.9130,2.784,3,"","","","","",""
Mike,Condon,28,player[13],G,27,10,0.9067,2.9856,1,"","","","","",""
Brian,Elliott,33,player[13],G,49,25,0.9176,2.4473,3,"","","","","",""
Michal,Neuvirth,30,player[13],G,26,13,0.9152,2.5186,2,"","","","","",""
Calvin,Pickard,26,player[13],G,7,4,0.9116,2.6255,0,"","","","","",""
Matt,Murray,24,player[13],G,54,30,0.9158,2.6186,4,"","","","","",""
Casey,DeSmith,27,player[13],G,24,13,0.9255,2.317,2,"","","","","",""
Tristan,Jarry,23,player[13],G,4,2,0.9021,3.0447,0,"","","","","",""
Martin,Jones,28,player[13],G,60,33,0.9110,2.5365,4,"","","","","",""
Aaron,Dell,29,player[13],G,22,12,0.9211,2.2487,1,"","","","","",""
Jake,Allen,28,player[13],G,55,25,0.9133,2.5403,3,"","","","","",""
Chad,Johnson,32,player[13],G,27,13,0.9086,2.678,2,"","","","","",""
Andrei,Vasilevskiy,24,player[13],G,64,38,0.9179,2.5205,5,"","","","","",""
Louis,Domingue,26,player[13],G,18,11,0.9129,2.674,1,"","","","","",""
Frederik,Andersen,29,player[13],G,64,38,0.9155,2.7294,5,"","","","","",""
Garret,Sparks,25,player[13],G,18,11,0.9116,2.8553,1,"","","","","",""
Jacob,Markstrom,28,player[13],G,54,22,0.9137,2.7789,3,"","","","","",""
Anders,Nilsson,28,player[13],G,22,9,0.9122,2.8272,1,"","","","","",""
Thatcher,Demko,22,player[13],G,6,2,0.9116,2.8465,0,"","","","","",""
Marc-Andre,Fleury,34,player[13],G,58,29,0.9182,2.5113,4,"","","","","",""
Malcolm,Subban,25,player[13],G,24,12,0.9063,2.8766,1,"","","","","",""
Braden,Holtby,29,player[13],G,61,31,0.9186,2.3932,4,"","","","","",""
Pheonix,Copley,26,player[13],G,21,11,0.9116,2.599,1,"","","","","",""
Connor,Hellebuyck,25,player[13],G,64,36,0.9185,2.5102,4,"","","","","",""
Laurent,Brossoit,25,player[13],G,18,10,0.8979,3.1447,1,"","","","","",""
