First Name,Last Name,Age,Position,PosVal,ID,G,A,PPP,+/-,SOG,HITS
Matt,Cullen,42,C,1,8464989,7,5,0,-4,76,31
Zdeno,Chara,41,D,0,8465009,4,15,1,9,129,144
Joe,Thornton,39,C,1,8466138,15,36,20,3,109,50
Patrick,Marleau,39,C,1,8466139,20,17,9,-4,173,79
Derek,MacKenzie,37,C,1,8468001,4,6,0,1,65,143
Henrik,Zetterberg,38,C,1,8468083,13,36,15,-1,157,49
Marian,Gaborik,36,R,1,8468483,15,12,5,-5,142,34
Ron,Hainsey,37,D,0,8468493,1,12,0,-2,74,97
Brooks,Orpik,38,D,0,8468498,0,5,0,-2,43,204
Justin,Williams,37,R,1,8468508,17,26,11,3,165,67
Niklas,Kronwall,37,D,0,8468509,1,19,7,-4,71,92
Matt,Hendricks,37,C,1,8468611,4,5,0,2,57,164
Deryk,Engelland,36,D,0,8468674,2,11,0,-1,94,129
Jason,Spezza,35,C,1,8469455,15,23,11,-2,135,22
Mikko,Koivu,35,C,1,8469459,15,29,13,7,140,48
Dan,Hamhuis,36,D,0,8469465,1,14,0,0,67,90
Chris,Thorburn,35,R,1,8469501,4,1,0,-1,37,152
Jason,Pominville,36,R,1,8469506,15,21,6,1,150,45
Tomas,Plekanec,36,C,1,8469521,11,20,4,1,127,66
Valtteri,Filppula,34,C,1,8470047,8,21,3,-3,79,35
Trevor,Daley,35,D,0,8470110,4,11,0,-1,106,41
Frans,Nielsen,34,C,1,8470144,15,21,8,-2,135,54
Jay,Bouwmeester,35,D,0,8470151,2,9,0,1,95,77
Johnny,Boychuk,34,D,0,8470187,5,14,2,-3,176,156
Alexander,Steen,34,L,1,8470257,16,32,15,3,157,54
Duncan,Keith,35,D,0,8470281,4,33,11,0,160,42
Jonathan,Ericsson,34,D,0,8470318,1,8,0,0,74,133
Chris,Kunitz,39,L,1,8470543,8,13,1,3,86,145
Eric,Staal,34,C,1,8470595,30,34,16,0,218,44
Thomas,Vanek,34,L,1,8470598,18,28,13,-4,158,37
Ryan,Suter,33,D,0,8470600,7,37,17,2,156,76
Braydon,Coburn,33,D,0,8470601,2,9,0,1,80,98
Dion,Phaneuf,33,D,0,8470602,3,20,7,-8,136,154
Jeff,Carter,33,C,1,8470604,30,25,18,-1,240,75
Dustin,Brown,34,R,1,8470606,21,27,12,1,199,176
Brent,Seabrook,33,D,0,8470607,6,26,10,0,133,90
Zach,Parise,34,L,1,8470610,23,19,9,-4,216,54
Ryan,Getzlaf,33,C,1,8470612,16,52,23,3,165,114
Brent,Burns,33,D,0,8470613,17,48,26,-3,306,69
Ryan,Kesler,34,C,1,8470616,15,20,7,0,137,126
Brian,Boyle,34,C,1,8470619,13,9,3,0,123,138
Corey,Perry,33,R,1,8470621,20,28,14,-6,184,68
Loui,Eriksson,33,L,1,8470626,17,19,7,-3,152,21
Patrice,Bergeron,33,C,1,8470638,32,38,24,4,272,56
Shea,Weber,33,D,0,8470642,13,24,15,2,208,175
David,Backes,34,R,1,8470655,19,23,9,3,189,186
Brad,Richardson,33,C,1,8470755,8,12,0,-2,92,80
Marc,Methot,33,D,0,8470760,0,5,0,3,62,167
Nate,Thompson,34,C,1,8470775,4,6,0,0,53,146
Joe,Pavelski,34,C,1,8470794,24,38,21,3,205,88
Kyle,Brodziak,34,C,1,8470803,9,11,0,4,84,84
Dustin,Byfuglien,33,D,0,8470834,9,34,18,3,219,160
Mark,Giordano,35,D,0,8470966,12,27,12,7,185,85
Alex,Ovechkin,33,L,1,8471214,40,36,27,-3,331,132
Evgeni,Malkin,32,C,1,8471215,36,54,33,0,247,37
Andrew,Ladd,33,L,1,8471217,14,15,4,0,127,94
Blake,Wheeler,32,R,1,8471218,24,54,30,1,238,80
Drew,Stafford,33,R,1,8471226,13,11,3,-6,133,99
Alexander,Radulov,32,R,1,8471228,22,41,18,0,194,70
Travis,Zajac,33,C,1,8471233,13,21,7,-1,113,80
Mike,Green,33,D,0,8471242,8,26,11,-5,149,93
Blake,Comeau,32,L,1,8471260,11,19,3,-3,118,142
Carl,Soderberg,33,C,1,8471262,13,20,5,-4,141,70
Brandon,Dubinsky,32,C,1,8471273,11,19,3,-1,110,185
Alex,Goligoski,33,D,0,8471274,7,25,7,-10,124,114
David,Krejci,32,C,1,8471276,19,34,16,4,151,40
Andrej,Sekera,32,D,0,8471284,3,18,5,-1,97,66
Alexander,Edler,32,D,0,8471303,6,23,9,-8,179,161
Ryan,Callahan,33,R,1,8471339,8,14,2,-2,114,161
Roman,Polak,32,D,0,8471392,0,11,0,2,74,202
Troy,Brouwer,33,R,1,8471426,9,15,4,1,83,138
Matt,Hunwick,33,D,0,8471436,2,11,0,-3,95,109
Cody,McLeod,34,L,1,8471657,4,0,0,-4,41,210
Paul,Stastny,33,C,1,8471669,17,34,12,3,141,45
Sidney,Crosby,31,C,1,8471675,31,54,32,8,243,62
Bobby,Ryan,31,R,1,8471676,14,22,8,-2,146,117
Jack,Johnson,31,D,0,8471677,4,11,0,1,96,110
Anze,Kopitar,31,C,1,8471685,27,51,25,4,196,48
Marc,Staal,31,D,0,8471686,2,7,0,-5,72,93
Martin,Hanzal,31,C,1,8471691,12,16,6,-4,138,135
T.J.,Oshie,32,R,1,8471698,19,26,14,6,149,121
Andrew,Cogliano,31,L,1,8471699,15,21,3,2,154,86
Matt,Niskanen,32,D,0,8471702,6,25,6,1,143,134
James,Neal,31,L,1,8471707,26,23,12,-3,224,60
Marc-Edouard,Vlasic,31,D,0,8471709,9,24,6,3,155,37
Justin,Abdelkader,31,L,1,8471716,12,21,8,-6,123,174
Adam,McQuaid,32,D,0,8471717,2,8,0,2,70,166
Kris,Letang,31,D,0,8471724,10,48,21,4,223,105
Kris,Russell,31,D,0,8471729,3,15,2,0,92,98
Keith,Yandle,32,D,0,8471735,7,39,17,-2,170,33
Vladimir,Sobotka,31,C,1,8471743,11,20,3,-3,126,122
Tom,Pyatt,31,L,1,8471768,8,12,0,-1,91,63
Niklas,Hjalmarsson,31,D,0,8471769,3,14,0,2,63,41
Darren,Helm,31,L,1,8471794,13,15,2,-2,146,132
Ryan,Reaves,31,R,1,8471817,3,4,0,1,43,229
Anton,Stralman,32,D,0,8471873,6,17,3,2,127,107
Patric,Hornqvist,31,R,1,8471887,28,27,19,4,258,151
Dan,Girardi,34,D,0,8471958,2,11,0,5,87,141
Andy,Greene,36,D,0,8472382,2,6,0,-5,75,89
Bryan,Little,31,C,1,8473412,16,29,11,-1,137,51
Alex,Biega,30,D,0,8473415,1,12,0,0,122,214
Brad,Marchand,30,L,1,8473419,35,47,27,6,236,39
Nick,Foligno,31,L,1,8473422,16,23,9,1,153,178
Derek,Dorsett,32,R,1,8473432,10,8,1,-2,119,151
Erik,Johnson,30,D,0,8473446,8,20,5,-3,201,141
Kyle,Okposo,30,R,1,8473449,18,32,18,-11,173,71
Trevor,Lewis,31,C,1,8473453,15,13,3,-2,149,148
Leo,Komarov,31,C,1,8473463,10,13,3,-4,114,225
Jamie,McGinn,30,L,1,8473465,13,14,5,-5,126,127
Eric,Gryba,30,D,0,8473468,1,8,0,3,76,213
Milan,Lucic,30,L,1,8473473,15,25,10,4,136,219
Cal,Clutterbuck,31,R,1,8473504,8,7,0,-6,98,230
Jeff,Petry,31,D,0,8473507,10,26,13,-4,171,154
Claude,Giroux,30,C,1,8473512,26,57,32,1,212,34
Jordan,Staal,30,C,1,8473533,19,30,12,2,160,163
Patrik,Berglund,30,C,1,8473534,20,13,6,-1,155,144
Derick,Brassard,31,C,1,8473544,22,26,11,-1,199,99
Michael,Grabner,31,R,1,8473546,20,12,1,0,158,68
Phil,Kessel,31,R,1,8473548,28,48,31,-2,250,10
Nicklas,Backstrom,31,C,1,8473563,20,50,26,3,161,34
Michael,Frolik,30,R,1,8473564,17,22,5,4,177,60
Artem,Anisimov,30,C,1,8473573,19,19,9,-1,141,28
Andrew,MacDonald,32,D,0,8473584,3,16,0,-1,94,54
Jonathan,Toews,30,C,1,8473604,22,36,16,2,210,41
Mathieu,Perreault,30,C,1,8473618,17,31,15,2,157,122
David,Schlemko,31,D,0,8473673,3,12,3,-1,99,75
Mark,Letestu,33,C,1,8473914,10,14,5,-6,99,70
Ben,Lovejoy,34,D,0,8473933,2,6,0,4,90,124
Alex,Killorn,29,L,1,8473986,17,26,11,6,155,82
Karl,Alzner,30,D,0,8473991,3,12,0,0,80,135
Jamie,Benn,29,L,1,8473994,31,46,25,-1,236,115
Steven,Kampfer,30,D,0,8474000,0,5,0,-3,98,159
Paul,Carey,30,C,1,8474008,6,6,0,-4,74,96
Nick,Bonino,30,C,1,8474009,12,17,3,-1,110,35
Ian,Cole,29,D,0,8474013,5,17,3,6,103,122
Justin,Braun,31,D,0,8474027,5,19,1,0,113,134
Kevin,Shattenkirk,29,D,0,8474031,10,31,17,-6,173,77
Pat,Maroon,30,L,1,8474034,18,21,8,3,151,154
James,van Riemsdyk,29,L,1,8474037,30,29,18,0,240,46
Paul,Byron,29,L,1,8474038,16,17,3,0,113,128
Sam,Gagner,29,C,1,8474040,15,22,9,-3,161,57
Logan,Couture,29,C,1,8474053,28,32,18,3,211,38
P.K.,Subban,29,D,0,8474056,12,44,22,1,205,100
Riley,Nash,29,C,1,8474062,13,22,6,4,123,89
Thomas,Hickey,29,D,0,8474066,4,18,2,0,104,93
Kyle,Turris,29,C,1,8474068,19,32,17,2,164,30
Brendan,Smith,29,D,0,8474090,3,11,1,1,112,110
Brandon,Sutter,29,C,1,8474091,14,16,3,-4,144,75
Colton,Sceviour,29,C,1,8474098,13,15,2,-2,144,94
David,Perron,30,L,1,8474102,16,38,18,-2,155,121
Carl,Gunnarsson,32,D,0,8474125,2,5,0,4,71,63
Yannick,Weber,30,D,0,8474134,1,7,0,-2,80,90
Patrick,Kane,30,R,1,8474141,29,51,27,-2,269,14
Robert,Bortuzzo,29,D,0,8474145,3,9,0,3,93,142
Evgenii,Dadonov,29,R,1,8474149,26,40,15,4,209,27
Mikael,Backlund,29,C,1,8474150,19,31,13,2,188,56
Ryan,McDonagh,29,D,0,8474151,6,27,10,4,137,90
Max,Pacioretty,30,L,1,8474157,25,29,16,-1,253,121
Jakub,Voracek,29,R,1,8474161,20,53,29,-3,227,25
Jake,Muzzin,29,D,0,8474162,10,31,14,0,178,170
Alec,Martinez,31,D,0,8474166,8,20,8,-5,125,112
Carl,Hagelin,30,L,1,8474176,14,22,4,6,156,105
Lars,Eller,29,C,1,8474189,17,18,5,-4,149,79
Wayne,Simmonds,30,R,1,8474190,23,26,16,-6,196,132
Nick,Holden,31,D,0,8474207,4,14,1,-1,90,152
Jason,Demers,30,D,0,8474218,6,18,4,0,114,87
Micheal,Haley,32,C,1,8474230,4,6,0,-1,46,141
Zack,Smith,30,L,1,8474250,13,13,2,-2,128,116
Jay,Beagle,33,C,1,8474291,7,9,0,-3,71,75
Drew,Doughty,29,D,0,8474563,13,42,20,4,199,115
Steven,Stamkos,28,C,1,8474564,27,48,28,0,229,60
Alex,Pietrangelo,28,D,0,8474565,14,38,15,3,218,51
Luke,Schenn,29,D,0,8474568,1,9,0,-6,81,257
Colin,Wilson,29,C,1,8474569,11,18,6,0,113,63
Mikkel,Boedker,29,L,1,8474571,15,23,9,-6,137,53
Josh,Bailey,29,R,1,8474573,17,40,21,-8,160,23
Tyler,Myers,28,D,0,8474574,7,27,10,1,152,71
Erik,Karlsson,28,D,0,8474578,13,56,25,-3,231,59
Luca,Sbisa,28,D,0,8474579,1,13,2,-1,87,133
Jake,Gardiner,28,D,0,8474581,8,36,14,-1,139,59
Michael,Del Zotto,28,D,0,8474584,5,17,3,-5,136,223
Jordan,Eberle,28,C,1,8474586,24,34,15,2,193,44
Tyler,Ennis,29,C,1,8474589,10,16,3,-3,127,68
John,Carlson,28,D,0,8474590,12,45,23,-1,226,49
Roman,Josi,28,D,0,8474600,15,44,22,2,253,75
Justin,Schultz,28,D,0,8474602,7,27,12,2,143,54
Travis,Hamonic,28,D,0,8474612,5,15,1,-2,124,103
Derek,Stepan,28,C,1,8474613,19,37,17,-5,200,48
Marco,Scandella,28,D,0,8474618,6,16,3,-4,133,90
Jimmy,Hayes,29,R,1,8474625,9,9,2,-2,99,122
Jori,Lehtera,31,C,1,8474627,8,12,0,0,59,75
Michael,Stone,28,D,0,8474628,3,17,3,0,112,114
Adam,Henrique,28,C,1,8474641,20,24,11,-1,157,64
Dale,Weise,30,R,1,8474668,9,7,0,-2,93,137
TJ,Brodie,28,D,0,8474673,7,33,11,-2,122,34
Gustav,Nyquist,29,R,1,8474679,20,26,10,-1,187,64
Derek,Grant,28,C,1,8474683,8,12,2,-3,95,83
Matt,Calvert,29,L,1,8474685,12,13,2,-1,120,80
Greg,Pateryn,28,D,0,8474688,3,15,1,2,104,167
Mark,Borowiecki,29,D,0,8474697,0,7,0,0,88,328
Matt,Martin,29,L,1,8474709,6,7,0,1,72,240
Cam,Atkinson,29,R,1,8474715,29,27,15,1,255,40
Jared,Spurgeon,29,D,0,8474716,10,28,13,6,154,79
Mark,Barberio,28,D,0,8474717,4,17,3,-1,104,54
Luke,Witkowski,28,R,1,8474722,4,6,0,0,46,154
Zac,Rinaldo,28,C,1,8474736,5,2,0,-4,79,261
Jordie,Benn,31,D,0,8474818,4,13,0,4,98,99
Antoine,Roussel,29,L,1,8474849,11,15,2,3,93,113
Tyler,Johnson,28,C,1,8474870,21,30,14,-2,182,51
Mike,Hoffman,29,L,1,8474884,24,33,19,-5,239,32
Tyler,Bozak,32,C,1,8475098,14,30,12,1,139,47
Jordan,Schroeder,28,C,1,8475147,8,6,0,1,75,65
Marcus,Johansson,28,L,1,8475149,16,23,11,1,129,30
Kyle,Palmieri,27,R,1,8475151,27,27,21,-2,226,112
Ryan,O'Reilly,27,C,1,8475158,24,42,22,-4,218,37
Kyle,Clifford,27,L,1,8475160,11,11,1,1,123,187
Alex,Chiasson,28,R,1,8475163,9,9,1,-3,94,85
Jakob,Silfverberg,28,R,1,8475164,21,25,10,2,197,59
John,Tavares,28,C,1,8475166,32,45,26,-8,259,29
Victor,Hedman,28,D,0,8475167,16,48,24,3,219,118
Matt,Duchene,27,C,1,8475168,24,32,14,-10,194,55
Evander,Kane,27,L,1,8475169,29,28,13,-4,303,150
Brayden,Schenn,27,C,1,8475170,25,40,22,3,205,141
Oliver,Ekman-Larsson,27,D,0,8475171,12,32,16,-8,203,141
Nazem,Kadri,28,C,1,8475172,27,30,17,-6,226,96
Magnus,Paajarvi,27,L,1,8475175,12,9,0,-1,125,105
Ryan,Ellis,27,D,0,8475176,14,29,13,6,197,57
Calvin,de Haan,27,D,0,8475177,5,17,4,1,118,117
Zack,Kassian,27,R,1,8475178,9,15,2,-4,99,148
Dmitry,Kulikov,28,D,0,8475179,2,13,2,1,83,102
Peter,Holland,27,C,1,8475180,10,13,2,-7,117,65
Nick,Leddy,27,D,0,8475181,9,34,14,-11,157,90
Chris,Kreider,27,L,1,8475184,22,25,14,1,189,134
John,Moore,28,D,0,8475186,6,14,2,-3,138,126
Brayden,McNabb,27,D,0,8475188,6,13,1,7,101,218
Reilly,Smith,27,R,1,8475191,23,34,17,3,194,55
Tomas,Tatar,28,L,1,8475193,21,20,10,-3,166,70
Tyson,Barrie,27,D,0,8475197,13,41,24,-11,215,46
Dmitry,Orlov,27,D,0,8475200,9,23,6,3,131,121
Brian,Dumoulin,27,D,0,8475208,6,18,3,7,110,106
Richard,Panik,27,R,1,8475209,16,22,8,2,151,142
Mattias,Ekholm,28,D,0,8475218,10,26,10,5,138,77
Marcus,Foligno,27,L,1,8475220,10,14,2,0,92,191
Sami,Vatanen,27,D,0,8475222,7,29,13,-4,161,99
Craig,Smith,29,R,1,8475225,24,25,12,4,209,69
Casey,Cizikas,27,C,1,8475231,9,15,1,-4,98,156
David,Savard,28,D,0,8475233,6,17,2,2,144,140
Nicolas,Deslauriers,27,L,1,8475235,9,8,0,-1,102,286
Cody,Eakin,27,C,1,8475236,13,18,3,-4,116,75
Kevin,Connauton,28,D,0,8475246,5,12,1,-6,127,128
Gabriel,Dumont,28,C,1,8475254,6,4,0,0,83,165
Gabriel,Bourque,28,L,1,8475268,5,7,0,-3,70,169
Byron,Froese,27,C,1,8475278,7,9,0,1,85,95
Ben,Chiarot,27,D,0,8475279,3,14,2,3,90,143
Erik,Haula,27,L,1,8475287,24,25,13,0,178,82
Anders,Lee,28,L,1,8475314,29,26,17,-8,208,106
Marcus,Kruger,28,C,1,8475323,8,11,0,1,62,91
Nick,Jensen,28,D,0,8475324,3,16,2,-1,105,81
Jordan,Nolan,29,C,1,8475325,6,6,0,-4,61,140
Nic,Dowd,28,C,1,8475343,8,10,0,-3,73,125
Darren,Archibald,28,R,1,8475423,8,12,1,-1,93,220
Brandon,Manning,28,D,0,8475430,6,15,2,-2,132,139
Brenden,Dillon,28,D,0,8475455,5,15,2,2,99,183
Radko,Gudas,28,D,0,8475462,5,17,2,2,155,208
Nate,Prosser,32,D,0,8475613,0,5,0,1,47,89
Matt,Irwin,31,D,0,8475625,2,9,0,1,99,127
Christopher,Tanev,29,D,0,8475690,3,13,1,-1,69,50
Mats,Zuccarello,31,R,1,8475692,18,34,15,-1,170,64
Calle,Jarnkrok,27,C,1,8475714,17,19,6,0,137,50
Oscar,Lindberg,27,C,1,8475715,12,11,1,2,111,103
Jason,Zucker,26,L,1,8475722,27,29,13,6,214,78
Tyler,Toffoli,26,R,1,8475726,26,28,13,-1,231,71
Ryan,Spooner,26,C,1,8475727,17,32,15,-4,161,77
Johan,Larsson,26,C,1,8475728,10,12,0,-8,92,117
Stephen,Johns,26,D,0,8475730,6,12,1,1,135,206
Greg,McKegg,26,C,1,8475735,7,5,0,1,73,76
Connor,Brickley,26,L,1,8475736,9,14,2,0,104,147
Jordan,Weal,26,C,1,8475738,13,15,3,0,121,34
Evgeny,Kuznetsov,26,C,1,8475744,24,51,26,2,202,47
Charlie,Coyle,26,C,1,8475745,16,28,8,0,150,93
Patrik,Nemeth,26,D,0,8475747,3,14,1,1,98,90
Jon,Merrill,26,D,0,8475750,3,9,0,-1,79,90
Tyler,Pitlick,27,C,1,8475752,14,13,2,2,134,125
Justin,Faulk,26,D,0,8475753,12,28,16,-6,227,127
Brock,Nelson,27,C,1,8475754,18,19,7,-7,152,55
Alexander,Petrovic,26,D,0,8475755,3,18,2,4,86,166
Devante,Smith-Pelly,26,R,1,8475758,10,11,0,-5,113,153
Nick,Bjugstad,26,C,1,8475760,19,27,11,0,208,94
Derek,Forbort,26,D,0,8475762,4,18,2,2,94,146
Kevin,Hayes,26,C,1,8475763,21,26,9,-1,178,48
Cam,Fowler,27,D,0,8475764,10,28,12,-2,162,37
Vladimir,Tarasenko,27,R,1,8475765,35,38,22,2,293,70
Austin,Watson,26,L,1,8475766,11,12,1,-1,108,178
Jaden,Schwartz,26,L,1,8475768,27,42,18,8,209,63
Riley,Sheahan,27,C,1,8475772,12,18,4,-2,117,65
Chris,Wagner,27,R,1,8475780,8,9,0,-4,94,232
Jeff,Skinner,26,C,1,8475784,28,29,14,-5,262,36
Zach,Hyman,26,C,1,8475786,16,23,5,-1,154,112
Erik,Gudbranson,26,D,0,8475790,2,9,0,-6,96,186
Taylor,Hall,27,L,1,8475791,34,50,30,-2,292,66
Brett,Connolly,26,R,1,8475792,11,14,4,-2,109,94
Ryan,Johansen,26,C,1,8475793,17,43,20,3,155,83
Tyler,Seguin,26,C,1,8475794,36,46,27,-4,316,63
Mark,Pysyk,26,D,0,8475796,6,15,1,1,105,99
Mikael,Granlund,26,R,1,8475798,22,43,20,4,198,51
Nino,Niederreiter,26,R,1,8475799,23,24,11,3,176,82
Joakim,Nordstrom,26,C,1,8475807,10,11,0,-1,96,120
Bryan,Rust,26,R,1,8475810,16,26,8,5,151,113
Joonas,Donskoi,26,R,1,8475820,18,24,9,5,150,43
Tom,Kuhnhackl,26,R,1,8475832,8,11,0,-1,75,154
Marcus,Sorensen,26,L,1,8475834,7,9,0,0,91,74
Tim,Heed,27,D,0,8475841,6,21,8,1,149,34
Brendan,Gallagher,26,R,1,8475848,29,32,16,2,261,83
Jesper,Fast,27,R,1,8475855,11,19,2,-1,100,135
Anthony,Bitetto,28,D,0,8475868,1,10,0,-1,67,113
Brandon,Davidson,27,D,0,8475869,5,10,0,2,107,153
John,Klingberg,26,D,0,8475906,12,50,23,2,197,43
Micheal,Ferland,26,L,1,8475907,17,21,7,-1,153,171
Mark,Stone,26,R,1,8475913,25,44,20,1,193,62
Kevan,Miller,31,D,0,8476191,3,15,1,9,74,182
Cory,Conacher,29,C,1,8476195,12,12,2,0,111,73
Brian,Gibbons,30,C,1,8476207,11,15,1,0,106,54
Ryan,Dzingel,26,L,1,8476288,18,21,7,-2,144,70
Ondrej,Palat,27,L,1,8476292,18,31,14,1,163,112
Scott,Wilson,26,C,1,8476293,11,13,1,-3,118,147
Rob,O'Gara,25,D,0,8476303,1,7,0,-1,68,118
Lukas,Sedlak,25,C,1,8476310,9,8,0,3,82,115
Josh,Manson,27,D,0,8476312,8,22,4,7,124,175
Max,McCormick,26,L,1,8476323,8,7,0,-1,102,152
Josh,Archibald,26,R,1,8476326,9,9,0,-1,91,161
Dylan,DeMelo,25,D,0,8476331,4,20,5,2,98,99
Johnny,Gaudreau,25,L,1,8476346,26,56,27,0,233,14
Tobias,Rieder,25,R,1,8476356,14,19,5,-5,141,89
Fredrik,Claesson,26,D,0,8476368,2,13,0,1,82,184
Nick,Seeler,25,D,0,8476372,2,13,2,4,74,82
Sean,Kuraly,25,C,1,8476374,10,13,1,1,138,150
Andrew,Shaw,27,R,1,8476381,16,19,9,-2,151,129
Vincent,Trocheck,25,C,1,8476389,29,41,22,-4,261,128
Adam,Lowry,25,C,1,8476392,14,19,6,5,128,203
Nick,Cousins,25,C,1,8476393,15,14,3,-2,135,124
Blake,Coleman,27,C,1,8476399,12,13,2,2,142,204
Andy,Andreoff,27,C,1,8476404,8,7,0,-1,80,137
Alan,Quine,25,C,1,8476409,9,9,1,-3,75,119
Jean-Gabriel,Pageau,26,C,1,8476419,15,20,4,1,152,133
Mike,Reilly,25,D,0,8476422,4,18,5,-3,104,62
Reid,Boucher,25,C,1,8476423,14,14,5,-2,149,60
Scott,Mayfield,26,D,0,8476429,3,16,2,-4,112,130
Boone,Jenner,25,C,1,8476432,19,20,7,-3,201,199
Dmitrij,Jaskin,25,R,1,8476436,10,15,3,6,122,197
Victor,Rask,25,C,1,8476437,18,26,13,-1,160,65
Brandon,Saad,26,L,1,8476438,23,25,8,1,221,35
Brett,Ritchie,25,R,1,8476439,13,12,3,1,141,182
Markus,Granlund,25,C,1,8476440,15,11,3,-5,137,72
Joel,Edmundson,25,D,0,8476441,7,16,3,6,142,141
Matt,Nieto,26,L,1,8476442,12,15,1,-3,114,45
Xavier,Ouellet,25,D,0,8476443,4,13,2,0,110,79
Miikka,Salomaki,25,R,1,8476447,8,11,0,0,75,164
William,Karlsson,25,C,1,8476448,28,33,14,7,184,50
Scott,Harrington,25,D,0,8476449,2,7,0,0,85,97
Nikita,Kucherov,25,R,1,8476453,38,56,35,2,281,27
Ryan,Nugent-Hopkins,25,C,1,8476454,24,32,15,-1,205,56
Gabriel,Landeskog,26,L,1,8476455,23,35,17,-3,198,140
Jonathan,Huberdeau,25,L,1,8476456,26,44,19,0,210,40
Adam,Larsson,26,D,0,8476457,5,15,2,4,113,263
Ryan,Strome,25,C,1,8476458,15,24,8,-2,148,56
Mika,Zibanejad,25,C,1,8476459,27,31,18,-2,223,92
Mark,Scheifele,25,C,1,8476460,28,44,22,5,198,62
Sean,Couturier,26,C,1,8476461,27,41,17,6,212,64
Dougie,Hamilton,25,D,0,8476462,17,36,17,4,249,78
Jonas,Brodin,25,D,0,8476463,6,17,4,4,105,49
Ryan,Murphy,25,D,0,8476465,4,14,3,1,110,38
Sven,Baertschi,26,L,1,8476466,17,19,10,-5,143,40
Jamie,Oleksiak,26,D,0,8476467,4,14,2,3,103,188
J.T.,Miller,25,C,1,8476468,20,33,14,2,156,115
Joel,Armia,25,R,1,8476469,14,19,5,2,137,93
Nathan,Beaulieu,26,D,0,8476470,5,18,4,-2,105,71
Oscar,Klefbom,25,D,0,8476472,10,24,9,0,225,63
Connor,Murphy,25,D,0,8476473,5,17,3,2,117,152
Stefan,Noesen,25,R,1,8476474,15,15,3,4,143,121
Joe,Morrow,26,D,0,8476476,5,17,5,0,129,113
Phillip,Danault,25,C,1,8476479,16,24,7,1,144,89
Vladislav,Namestnikov,26,C,1,8476480,20,26,12,1,153,77
Rickard,Rakell,25,C,1,8476483,32,33,19,-2,237,108
Seth,Griffith,25,C,1,8476495,6,12,2,1,74,61
Colin,Miller,26,D,0,8476525,10,29,12,5,168,145
Jonathan,Marchessault,28,C,1,8476539,26,38,19,0,249,96
Zack,Mitchell,25,R,1,8476619,6,3,0,0,82,99
Barclay,Goodrow,25,R,1,8476624,10,13,2,2,103,113
Brad,Hunt,30,D,0,8476779,4,22,10,0,138,43
Torey,Krug,27,D,0,8476792,13,46,24,1,223,76
J.T.,Brown,28,R,1,8476806,8,10,0,1,82,123
Luke,Glendening,29,C,1,8476822,9,11,0,-2,99,154
Yanni,Gourde,27,C,1,8476826,20,35,12,3,150,54
Ryan,Murray,25,D,0,8476850,5,18,4,2,85,63
Alex,Galchenyuk,24,C,1,8476851,23,34,19,-7,202,39
Morgan,Rielly,24,D,0,8476853,9,38,19,-4,199,56
Hampus,Lindholm,24,D,0,8476854,14,24,11,5,167,105
Matt,Dumba,24,D,0,8476856,12,29,13,-2,183,120
Pontus,Aberg,25,L,1,8476857,10,14,3,0,106,49
Phillip,Di Giuseppe,25,L,1,8476858,10,17,3,-1,120,151
Brendan,Gaunce,24,C,1,8476867,10,9,1,-1,114,116
Brady,Skjei,24,D,0,8476869,6,26,7,-5,154,124
Tanner,Pearson,26,L,1,8476871,20,25,8,1,173,110
Scott,Laughton,24,C,1,8476872,12,17,2,0,114,121
Mark,Jankowski,24,C,1,8476873,17,15,4,1,144,49
Olli,Maatta,24,D,0,8476874,9,21,7,5,158,123
Mike,Matheson,24,D,0,8476875,10,19,5,0,180,64
Zemgus,Girgensons,24,C,1,8476878,12,14,2,-5,129,146
Cody,Ceci,25,D,0,8476879,5,17,3,-7,147,144
Tom,Wilson,24,R,1,8476880,13,20,5,0,130,235
Tomas,Hertl,25,C,1,8476881,23,28,12,2,189,86
Teuvo,Teravainen,24,L,1,8476882,22,38,19,3,188,31
Derrick,Pouliot,24,D,0,8476884,4,24,7,1,106,93
Jacob,Trouba,24,D,0,8476885,9,26,8,3,200,123
Slater,Koekkoek,24,D,0,8476886,5,12,2,1,116,88
Filip,Forsberg,24,L,1,8476887,30,39,24,4,237,93
Radek,Faksa,24,C,1,8476889,17,21,5,4,138,102
Matt,Grzelcyk,24,D,0,8476891,5,18,5,8,123,68
Colton,Parayko,25,D,0,8476892,10,31,11,7,202,110
Brendan,Leipsic,24,L,1,8476894,11,23,5,-2,137,55
Oskar,Sundqvist,24,C,1,8476897,8,11,1,2,78,98
Esa,Lindell,24,D,0,8476902,8,21,7,2,145,97
Chandler,Stephenson,24,C,1,8476905,6,13,0,1,67,45
Shayne,Gostisbehere,25,D,0,8476906,14,46,27,0,232,51
Devin,Shore,24,C,1,8476913,14,24,8,-3,128,71
Jujhar,Khaira,24,L,1,8476915,10,15,2,0,103,146
Adam,Pelech,24,D,0,8476917,4,18,3,-1,116,110
Jimmy,Vesey,25,L,1,8476918,16,14,4,-10,142,85
Chris,Tierney,24,C,1,8476919,16,23,7,-2,127,39
Jordan,Martinook,26,L,1,8476921,11,14,1,-2,109,114
Boo,Nieves,24,C,1,8476922,7,16,4,2,75,89
Damon,Severson,24,D,0,8476923,8,25,7,-3,142,107
Martin,Frk,25,R,1,8476924,13,18,6,-2,126,93
Colton,Sissons,25,C,1,8476925,12,15,4,2,110,132
Jake,McCabe,25,D,0,8476931,5,16,3,-1,96,149
Brock,McGinn,24,L,1,8476934,16,19,5,0,153,132
Connor,Carrick,24,D,0,8476941,6,13,4,2,117,85
Charles,Hudon,24,L,1,8476948,14,26,9,-3,193,136
Dominic,Toninato,24,C,1,8476952,7,7,0,1,56,67
Taylor,Leier,24,L,1,8476955,9,11,1,0,92,40
Jaccob,Slavin,24,D,0,8476958,11,28,8,5,151,54
Andreas,Athanasiou,24,C,1,8476960,20,19,6,-5,182,38
Gemel,Smith,24,C,1,8476966,10,13,1,2,93,65
Brett,Kulak,24,D,0,8476967,4,12,1,3,96,64
Kevin,Roy,25,L,1,8476971,13,3,0,-1,108,47
Cedric,Paquette,25,C,1,8476975,10,10,1,0,94,164
Erik,Gustafsson,26,D,0,8476979,7,25,8,4,163,72
Josh,Anderson,24,R,1,8476981,23,19,7,4,207,137
Danny,O'Regan,24,C,1,8476982,8,10,3,0,71,35
Matt,Benning,24,D,0,8476988,6,19,4,1,131,156
Vinnie,Hinostroza,24,C,1,8476994,13,23,8,1,142,51
Jake,Dotchin,24,D,0,8477009,3,18,3,4,107,158
Connor,Brown,24,R,1,8477015,16,18,5,-1,133,36
Ben,Hutton,25,D,0,8477018,5,18,4,-8,136,62
Alexander,Kerfoot,24,C,1,8477021,13,26,9,-2,115,47
Christian,Djoos,24,D,0,8477043,4,15,3,5,96,43
Joakim,Ryan,25,D,0,8477046,5,16,2,4,114,56
Kurtis,MacDermid,24,D,0,8477073,1,10,0,-2,66,177
Andrej,Sustr,28,D,0,8477205,5,13,1,-1,89,37
Tim,Schaller,28,C,1,8477213,12,14,1,3,124,124
Danny,DeKeyser,28,D,0,8477215,5,11,0,-1,93,100
Nate,Schmidt,27,D,0,8477220,6,25,8,4,116,58
Carter,Rowney,29,R,1,8477240,4,7,0,0,47,141
Chad,Ruhwedel,28,D,0,8477244,3,12,1,3,119,121
Michael,Raffl,30,L,1,8477290,12,12,1,0,107,105
John,Gilmour,25,D,0,8477337,5,11,2,-2,178,86
MacKenzie,Weegar,24,D,0,8477346,3,13,1,4,93,145
Tyler,Motte,23,C,1,8477353,11,8,1,0,119,149
Will,Butcher,23,D,0,8477355,6,41,16,7,115,28
Tucker,Poolman,25,D,0,8477359,3,8,0,2,102,79
Jonny,Brodzinski,25,R,1,8477380,11,7,1,-1,130,90
John,Hayden,23,R,1,8477401,9,17,3,0,111,195
Pavel,Buchnevich,23,R,1,8477402,17,31,13,-3,156,56
Jake,Guentzel,24,C,1,8477404,22,33,12,3,179,126
Mattias,Janmark,26,C,1,8477406,18,19,5,-2,141,25
Anthony,Duclair,23,L,1,8477407,17,20,7,0,141,63
Sven,Andrighetto,25,R,1,8477413,16,23,10,-4,164,71
Oliver,Bjorkstrand,23,R,1,8477416,16,30,10,3,168,64
Miles,Wood,23,L,1,8477425,19,19,6,-2,180,84
Andrew,Copp,24,C,1,8477429,12,17,3,7,101,101
Ben,Harpur,23,D,0,8477433,2,8,0,-2,66,141
Andre,Burakovsky,23,L,1,8477444,17,24,8,1,143,58
Shea,Theodore,23,D,0,8477447,9,28,11,-2,191,46
Marko,Dano,24,C,1,8477448,10,12,1,1,98,109
Jason,Dickinson,23,C,1,8477450,9,9,0,0,57,130
Ryan,Hartman,24,R,1,8477451,16,21,6,0,150,115
Ian,McCoshen,23,D,0,8477452,2,9,0,0,82,149
Adam,Erne,23,L,1,8477454,11,7,1,0,118,144
Jacob,de la Rose,23,L,1,8477455,8,12,2,-1,87,177
J.T.,Compher,23,L,1,8477456,16,17,6,-5,157,61
Remi,Elie,23,L,1,8477461,10,15,2,1,90,116
Robert,Hagg,23,D,0,8477462,3,9,0,-3,119,256
Steven,Santini,23,D,0,8477463,4,14,2,-3,134,224
Gustav,Olofsson,24,D,0,8477467,3,15,3,2,60,59
Madison,Bowey,23,D,0,8477474,3,20,3,-3,91,83
Artturi,Lehkonen,23,L,1,8477476,19,17,6,0,194,88
William,Carrier,24,L,1,8477478,8,9,0,1,107,228
Tyler,Bertuzzi,23,L,1,8477479,13,23,7,-1,145,91
Brett,Pesce,24,D,0,8477488,8,21,5,1,122,74
Nick,Baptiste,23,R,1,8477491,12,7,1,-1,116,54
Nathan,MacKinnon,23,C,1,8477492,36,53,31,-4,307,39
Aleksander,Barkov,23,C,1,8477493,30,49,23,5,253,31
Jonathan,Drouin,23,C,1,8477494,18,36,19,-4,182,58
Seth,Jones,24,D,0,8477495,17,41,21,6,238,88
Elias,Lindholm,24,C,1,8477496,18,35,14,-1,168,96
Sean,Monahan,24,C,1,8477497,30,39,22,-1,227,37
Darnell,Nurse,23,D,0,8477498,8,20,4,3,187,158
Rasmus,Ristolainen,24,D,0,8477499,8,38,21,-8,208,195
Bo,Horvat,23,C,1,8477500,24,30,16,-6,199,51
Max,Domi,23,L,1,8477503,15,35,13,-6,157,48
Josh,Morrissey,23,D,0,8477504,7,20,4,6,123,136
Alexander,Wennberg,24,C,1,8477505,13,37,14,9,114,40
Ryan,Pulock,24,D,0,8477506,10,25,10,-5,214,125
Nikita,Zadorov,23,D,0,8477507,4,18,3,-5,117,258
Curtis,Lazar,23,C,1,8477508,9,16,2,2,85,152
Mirco,Mueller,23,D,0,8477509,4,11,1,1,72,56
Anthony,Mantha,24,R,1,8477511,23,28,12,1,197,84
Ross,Johnston,24,L,1,8477527,7,5,0,-1,83,154
Josh,Jooris,28,R,1,8477591,9,10,0,0,98,103
Conor,Sheary,26,L,1,8477839,20,21,6,3,154,37
Trevor,van Riemsdyk,27,D,0,8477845,6,15,3,10,112,43
Ryan,Carpenter,27,C,1,8477846,13,10,1,-1,133,117
Christian,Folin,27,D,0,8477850,2,13,1,3,80,184
Jordan,Oesterle,26,D,0,8477851,6,18,4,0,148,93
Daniel,Carr,27,L,1,8477901,12,15,5,0,120,69
Garnet,Hathaway,27,R,1,8477903,7,13,2,3,87,199
Frederick,Gaudreau,25,C,1,8477919,7,8,1,0,59,46
Melker,Karlsson,28,C,1,8477922,11,12,0,-3,95,95
Pierre-Edouard,Bellemare,33,L,1,8477930,8,8,0,2,86,63
Tomas,Nosek,26,L,1,8477931,11,11,1,0,111,74
Aaron,Ekblad,22,D,0,8477932,15,26,11,-4,216,76
Sam,Reinhart,23,C,1,8477933,25,32,18,-3,195,46
Leon,Draisaitl,23,C,1,8477934,27,47,20,3,205,38
Sam,Bennett,22,C,1,8477935,17,21,7,-3,154,130
Jake,Virtanen,22,R,1,8477937,13,14,3,-3,146,163
Haydn,Fleury,22,D,0,8477938,3,15,2,-1,117,109
Nikolaj,Ehlers,22,L,1,8477940,28,38,18,4,230,40
Nick,Ritchie,23,L,1,8477941,13,19,5,0,144,219
Kevin,Fiala,22,L,1,8477942,24,28,12,1,199,45
Brendan,Perlini,22,L,1,8477943,18,17,8,-7,155,88
Jakub,Vrana,22,L,1,8477944,16,19,6,3,156,44
Julius,Honka,23,D,0,8477945,4,14,2,-1,107,53
Dylan,Larkin,22,C,1,8477946,22,36,14,-2,227,72
Sonny,Milano,22,L,1,8477947,16,16,5,0,127,51
Travis,Sanheim,22,D,0,8477948,5,19,4,1,134,57
Alex,Tuch,22,R,1,8477949,17,27,10,0,183,100
Tony,DeAngelo,23,D,0,8477950,5,22,9,-2,165,81
Nick,Schmaltz,22,C,1,8477951,18,35,13,1,144,23
Kasperi,Kapanen,22,R,1,8477953,14,11,2,0,133,119
Jared,McCann,22,C,1,8477955,15,21,6,0,164,61
David,Pastrnak,22,R,1,8477956,33,45,25,2,257,53
Nikita,Scherbak,23,R,1,8477957,14,10,4,-1,129,64
Nikolay,Goldobin,23,R,1,8477958,15,12,3,-1,121,36
Joshua,Ho-Sang,22,R,1,8477959,11,24,7,0,96,21
Adrian,Kempe,22,C,1,8477960,15,24,7,-4,137,90
Ivan,Barbashev,23,C,1,8477964,10,15,1,2,88,106
Marcus,Pettersson,22,D,0,8477969,3,11,3,1,85,76
Brandon,Montour,24,D,0,8477986,8,24,9,1,173,96
Christian,Dvorak,22,C,1,8477989,17,24,8,-4,154,92
Brayden,Point,22,C,1,8478010,29,37,16,0,217,31
Michael,Amadio,22,C,1,8478020,9,13,3,1,84,52
Viktor,Arvidsson,25,L,1,8478042,29,32,13,0,250,34
Danton,Heinen,23,C,1,8478046,17,34,12,5,155,51
Gustav,Forsling,22,D,0,8478055,6,17,6,-3,163,60
Oskar,Lindblom,22,L,1,8478067,11,16,5,2,133,99
Anton,Lindholm,24,D,0,8478073,1,8,0,-2,53,169
Anders,Bjork,22,L,1,8478075,11,20,7,1,104,58
Kevin,Labanc,23,R,1,8478099,16,29,13,3,159,40
Ondrej,Kase,23,R,1,8478131,21,25,8,3,180,45
Frank,Vatrano,24,C,1,8478366,16,13,3,1,166,103
Noah,Hanifin,21,D,0,8478396,11,30,12,0,173,83
Kyle,Connor,22,L,1,8478398,28,32,13,-1,213,23
Colin,White,21,C,1,8478400,11,11,3,-1,107,56
Pavel,Zacha,21,C,1,8478401,14,24,8,1,136,82
Connor,McDavid,21,C,1,8478402,38,70,31,7,281,17
Jack,Eichel,22,C,1,8478403,30,45,26,-10,296,53
Vince,Dunn,22,D,0,8478407,7,26,9,1,164,43
Travis,Dermott,22,D,0,8478408,4,26,6,5,136,105
Timo,Meier,22,R,1,8478414,21,21,7,1,214,108
Mikko,Rantanen,22,R,1,8478420,26,45,25,-4,196,32
Sebastian,Aho,21,R,1,8478427,28,40,19,0,228,62
Christian,Fischer,21,R,1,8478432,17,23,8,-5,169,109
Travis,Konecny,21,C,1,8478439,22,27,9,0,190,95
Dylan,Strome,21,C,1,8478440,14,17,6,-2,133,39
Brandon,Carlo,22,D,0,8478443,6,12,2,4,97,100
Brock,Boeser,21,R,1,8478444,33,35,21,-5,253,35
Mathew,Barzal,21,C,1,8478445,22,63,25,1,193,17
Noah,Juulsen,21,D,0,8478454,4,13,2,-1,133,195
Jack,Roslovic,21,C,1,8478458,13,20,6,0,123,57
Zach,Werenski,21,D,0,8478460,16,35,15,7,229,60
Anthony,Beauvillier,21,C,1,8478463,20,22,9,-1,167,92
Thomas,Chabot,21,D,0,8478469,9,24,8,-4,149,63
Mitchell,Marner,21,C,1,8478483,23,49,24,0,209,31
Filip,Chlapik,21,C,1,8478488,9,15,4,1,97,85
Joel,Eriksson Ek,21,C,1,8478493,12,17,3,2,136,140
Jake,DeBrusk,22,L,1,8478498,19,33,12,3,180,78
Ivan,Provorov,21,D,0,8478500,13,31,9,1,211,133
Markus,Hannikainen,25,L,1,8478541,8,8,0,0,83,89
Evan,Rodrigues,25,L,1,8478542,14,23,8,-1,157,42
Artemi,Panarin,27,L,1,8478550,29,52,26,9,224,16
Noel,Acciari,27,C,1,8478569,8,7,0,2,94,197
Derek,Ryan,32,C,1,8478585,14,22,7,1,119,56
Denis,Malgin,21,C,1,8478843,16,19,8,1,145,79
Dominik,Simon,24,C,1,8478866,10,20,4,3,102,91
Markus,Nutivaara,24,D,0,8478906,7,19,5,5,122,64
Tanner,Fritz,27,C,1,8479206,6,9,0,-1,72,139
Casey,Nelson,26,D,0,8479268,4,14,2,-2,111,78
Brandon,Tanev,27,L,1,8479293,8,11,1,3,104,226
Matthew,Tkachuk,21,L,1,8479314,27,39,19,2,221,85
Auston,Matthews,21,C,1,8479318,38,38,21,-2,275,19
Charlie,McAvoy,21,D,0,8479325,7,35,11,8,132,157
Alex,DeBrincat,21,R,1,8479337,25,31,13,1,199,42
Patrik,Laine,20,R,1,8479339,37,36,24,-1,259,67
Clayton,Keller,20,C,1,8479343,24,46,18,-7,223,10
Jesse,Puljujarvi,20,R,1,8479344,17,19,6,1,173,84
Jakob,Chychrun,20,D,0,8479345,8,20,6,-3,167,120
Tyson,Jost,20,C,1,8479370,17,17,7,-4,157,51
Victor,Mete,20,D,0,8479376,4,14,5,5,93,22
Samuel,Girard,20,D,0,8479398,6,25,9,-2,121,60
Pierre-Luc,Dubois,20,C,1,8479400,21,36,15,5,183,116
Jesper,Bratt,20,L,1,8479407,15,28,10,-3,135,53
Mikhail,Sergachev,20,D,0,8479410,9,35,14,3,169,92
Tage,Thompson,21,C,1,8479420,11,17,4,-1,119,84
Troy,Stecher,24,D,0,8479442,4,18,4,-4,128,121
Nikita,Zaitsev,27,D,0,8479458,3,19,3,-4,97,148
Drake,Caggiula,24,L,1,8479465,14,14,4,-4,136,162
Michal,Kempny,28,D,0,8479482,4,11,1,1,123,98
Maxim,Mamin,23,C,1,8479553,10,8,0,2,100,156
Nolan,Patrick,20,C,1,8479974,17,24,8,0,158,59
Nico,Hischier,19,C,1,8480002,21,35,12,-1,198,55
Alex,Iafallo,25,L,1,8480113,13,19,5,1,140,64
Jakub,Jerabek,27,D,0,8480143,2,14,1,0,87,99
David,Kampf,23,C,1,8480144,10,16,2,2,94,62
Neal,Pionk,23,D,0,8480145,4,31,11,-6,170,132
Oscar,Fantenberg,27,D,0,8480147,3,16,6,0,111,126
Andreas,Borgman,23,D,0,8480158,3,14,2,1,100,192
Jan,Rutta,28,D,0,8480172,4,19,4,-1,113,44
Sebastian,Aho,22,D,0,8480222,4,11,3,-2,109,51
