Rank,First Name,Last Name,Team,Position,FHG Value,Games Played,SO,SV%,GAA,W,G,A,+/-,SOG,PPP,HITS
1,Jack,Campbell,LAK,G,141,20,1,0.941176471,1.6,8, , , , , , 
2,Antti,Raanta,ARI,G,108,57,4,0.925778661,1.964912281,31, , , , , , 
3,Alex,Ovechkin,WSH,LW,108,82, , , , ,45,39,10,359,29,153
4,Brent,Burns,SJS,D,98,82, , , , ,20,49,-10,336,28,83
5,Connor,McDavid,EDM,C,92,82, , , , ,42,70,20,247,39,29
6,John,Gibson,ANA,G,88,60,5,0.923349057,2.166666667,32, , , , , , 
7,Sergei,Bobrovsky,CBJ,G,86,65,6,0.922239502,2.307692308,37, , , , , , 
8,Victor,Hedman,TBL,D,81,78, , , , ,18,50,20,187,27,116
9,Taylor,Hall,NJD,LW,78,77, , , , ,36,50,20,270,30,72
10,Nikita,Kucherov,TBL,RW,76,77, , , , ,38,56,20,244,33,31
11,Blake,Wheeler,WPG,C/RW,76,82, , , , ,25,58,20,254,29,96
12,Erik,Karlsson,OTT,D,74,76, , , , ,15,54,0,219,28,69
13,Carter,Hutton,BUF,G,73,51,2,0.9216,1.921568627,22, , , , , , 
14,Dustin,Byfuglien,WPG,D,71,77, , , , ,10,40,20,228,20,170
15,Braden,Holtby,WSH,G,70,63,5,0.918079096,2.301587302,38, , , , , , 
16,Jonathan,Quick,LAK,G,69,67,4,0.919153554,2.223880597,34, , , , , , 
17,Devan,Dubnyk,MIN,G,69,60,4,0.92,2.266666667,34, , , , , , 
18,Pekka,Rinne,NSH,G,67,57,6,0.917532071,2.368421053,39, , , , , , 
19,Drew,Doughty,LAK,D,67,82, , , , ,12,45,20,194,23,127
20,Andrei,Vasilevskiy,TBL,G,67,64,7,0.917269907,2.5,43, , , , , , 
21,Brad,Marchand,BOS,LW,66,76, , , , ,35,53,20,222,31,49
22,Jamie,Benn,DAL,C/LW,63,80, , , , ,36,39,20,229,26,128
23,Connor,Hellebuyck,WPG,G,63,65,5,0.916755603,2.4,41, , , , , , 
24,Philipp,Grubauer,COL,G,62,39,2,0.921450151,2,20, , , , , , 
25,Sidney,Crosby,PIT,C,61,79, , , , ,33,56,10,250,31,73
26,Tyler,Seguin,DAL,C,59,79, , , , ,37,42,20,306,28,71
27,Ben,Bishop,DAL,G,57,54,4,0.918715847,2.203703704,28, , , , , , 
28,Filip,Forsberg,NSH,LW,56,81, , , , ,30,43,20,231,26,104
29,Shayne,Gostisbehere,PHI,D,56,76, , , , ,14,49,10,200,25,47
30,Marc-Andre,Fleury,VGK,G,56,57,4,0.920047031,2.385964912,32, , , , , , 
31,Nathan,MacKinnon,COL,C,56,76, , , , ,34,54,10,260,31,46
32,Dougie,Hamilton,CAR,D,56,82, , , , ,17,40,0,228,23,77
33,Matt,Dumba,MIN,D,56,80, , , , ,15,40,20,154,22,133
34,Torey,Krug,BOS,D,56,79, , , , ,12,48,0,214,24,66
35,Roman,Josi,NSH,D,54,76, , , , ,14,41,20,223,22,64
36,Seth,Jones,CBJ,D,54,78, , , , ,16,41,20,185,23,80
37,Rasmus,Ristolainen,BUF,D,53,78, , , , ,8,35,-10,190,17,220
38,Frederik,Andersen,TOR,G,53,65,5,0.917384693,2.507692308,39, , , , , , 
39,David,Pastrnak,BOS,RW,51,76, , , , ,36,41,20,225,27,65
40,Patrick,Kane,CHI,RW,51,82, , , , ,28,52,-10,288,28,23
41,Claude,Giroux,PHI,C/LW,51,81, , , , ,28,55,20,212,29,28
42,P.K.,Subban,NSH,D,50,76, , , , ,15,38,20,183,21,102
43,Steven,Stamkos,TBL,C,50,77, , , , ,29,57,20,217,30,60
44,Tuukka,Rask,BOS,G,49,54,2,0.916269571,2.277777778,34, , , , , , 
45,Jonathan,Marchessault,VGK,C/LW,48,76, , , , ,30,42,20,207,25,102
46,John,Klingberg,DAL,D,48,80, , , , ,11,51,10,168,25,44
47,Phil,Kessel,PIT,RW,48,82, , , , ,31,51,0,255,29,10
48,John,Tavares,TOR,C,48,79, , , , ,39,48,10,256,30,29
49,Johnny,Gaudreau,CGY,LW,47,79, , , , ,24,60,10,214,29,17
50,Kris,Letang,PIT,D,47,69, , , , ,10,40,0,203,20,113
51,Artemy,Panarin,CBJ,LW,45,81, , , , ,29,51,20,209,28,28
52,Vincent,Trocheck,FLA,C,44,80, , , , ,30,43,0,229,26,144
53,Patrik,Laine,WPG,RW,44,79, , , , ,45,27,10,227,25,86
54,Ivan,Provorov,PHI,D,43,82, , , , ,15,30,20,183,14,161
55,Corey,Crawford,CHI,G,43,47,2,0.922371207,2.340425532,22, , , , , , 
56,Rickard,Rakell,ANA,LW/RW,43,75, , , , ,35,36,10,196,25,108
57,Jake,Muzzin,LAK,D,40,80, , , , ,9,32,0,181,16,178
58,Aaron,Dell,SJS,G,40,28,2,0.921017403,2.107142857,14, , , , , , 
59,Oliver,Ekman-Larsson,ARI,D,40,80, , , , ,15,30,-10,195,18,144
60,Vladimir,Tarasenko,STL,RW,40,74, , , , ,35,30,10,270,23,74
61,Jakub,Voracek,PHI,RW,39,80, , , , ,20,54,10,234,26,35
62,Brayden,Schenn,STL,C,38,81, , , , ,28,44,10,190,25,152
63,John,Carlson,WSH,D,38,74, , , , ,13,41,0,192,22,53
64,Evgeni,Malkin,PIT,C,38,72, , , , ,37,47,10,217,29,42
65,JT,Miller,TBL,C/RW,37,82, , , , ,27,45,10,137,25,133
66,Keith,Yandle,FLA,D,36,82, , , , ,8,49,10,174,23,27
67,Anze,Kopitar,LAK,C,36,79, , , , ,28,57,20,172,30,48
68,Evander,Kane,SJS,LW,35,71, , , , ,29,26,0,280,19,131
69,Morgan,Rielly,TOR,D,33,77, , , , ,7,47,0,171,22,50
70,Martin,Jones,SJS,G,33,60,3,0.914723926,2.316666667,29, , , , , , 
71,Juuse,Saros,NSH,G,32,28,3,0.923167849,2.321428571,13, , , , , , 
72,Rasmus,Dahlin,BUF,D,32,80, , , , ,11,31,0,220,16.8,96
73,Auston,Matthews,TOR,C,31,77, , , , ,41,36,20,250,27,22
74,Mark,Scheifele,WPG,C,31,73, , , , ,28,52,20,167,28,69
75,Tyson,Barrie,COL,D,31,73, , , , ,13,41,0,176,22,37
76,Sebastian,Aho,CAR,C/LW,31,80, , , , ,30,41,10,193,25,58
77,Patric,Hornqvist,PIT,RW,30,74, , , , ,27,23,0,242,18,175
78,Mitch,Marner,TOR,RW,30,79, , , , ,22,53,10,183,26,36
79,Ryan,Pulock,NYI,D,29,72, , , , ,11,33,0,171,18,109
80,Zach,Werenski,CBJ,D,29,76, , , , ,15,32,10,192,19,57
81,Joe,Pavelski,SJS,C/RW,29,81, , , , ,24,39,0,226,22,92
82,James,Reimer,FLA,G,28,46,4,0.917282127,2.434782609,25, , , , , , 
83,Alex,Pietrangelo,STL,D,28,77, , , , ,13,37,0,191,20,45
84,Patrice,Bergeron,BOS,C,27,76, , , , ,26,39,20,274,23,61
85,Mikael,Granlund,MIN,C/RW,27,79, , , , ,23,47,20,175,25,48
86,Gabriel,Landeskog,COL,LW,26,74, , , , ,23,35,20,170,20,143
87,Leon,Draisaitl,EDM,C/RW,26,79, , , , ,27,47,10,170,26,40
88,Jack,Eichel,BUF,C,26,71, , , , ,30,46,-10,249,27,40
89,Roberto,Luongo,FLA,G,26,34,2,0.921890068,2.382352941,16, , , , , , 
90,Alexander,Radulov,DAL,RW,25,79, , , , ,26,43,0,182,24,76
91,Mikko,Rantanen,COL,RW,23,80, , , , ,30,47,0,156,27,32
92,Cam,Talbot,EDM,G,23,62,4,0.914394766,2.532258065,32, , , , , , 
93,Brian,Elliott,PHI,G,23,49,2,0.915241636,2.326530612,25, , , , , , 
94,Jeff,Skinner,BUF,LW,23,79, , , , ,28,37,-10,265,23,29
95,Ryan,Ellis,NSH,D,22,70, , , , ,13,40,20,145,16,55
96,Viktor,Arvidsson,NSH,RW,22,79, , , , ,30,34,20,234,22,30
97,Jeff,Petry,MTL,D,22,78, , , , ,10,27,-10,163,15,155
98,Jonathan,Huberdeau,FLA,LW,22,79, , , , ,25,44,0,195,24,47
99,Ilya,Kovalchuk,LAK,LW/RW,22,76, , , , ,30,32,0,250,24.8,24
100,Matt,Murray,PIT,G,21,51,2,0.915050167,2.490196078,31, , , , , , 
101,Aaron,Ekblad,FLA,D,21,77, , , , ,15,28,10,202,13,82
102,Cam,Atkinson,CBJ,RW,21,76, , , , ,30,32,20,231,22,37
103,Colton,Parayko,STL,D,21,81, , , , ,10,31,0,189,12,118
104,Aleksander,Barkov,FLA,C,20,71, , , , ,30,44,20,197,26,38
105,Jake,Allen,STL,G,20,60,1,0.91242236,2.35,31, , , , , , 
106,Ryan,Getzlaf,ANA,C,20,70, , , , ,13,58,20,147,25,97
107,Dustin,Brown,LAK,RW,19,81, , , , ,23,28,20,205,13,170
108,Casey,Desmith,PIT,G,19,16,0,0.920374707,2.125,8, , , , , , 
109,Max,Pacioretty,MTL,LW,19,77, , , , ,27,26,-10,267,19,95
110,Colin,Miller,VGK,D,18,81, , , , ,11,26,0,141,15,147
111,Evgeny,Kuznetsov,WSH,C,18,80, , , , ,25,50,10,181,26,52
112,Nicklas,Backstrom,WSH,C,17,80, , , , ,22,57,10,153,28,37
113,Pierre-Luc,Dubois,CBJ,C/LW,17,80, , , , ,25,33,10,160,20,124
114,Mark,Giordano,CGY,D,17,81, , , , ,12,27,0,191,16,78
115,Wayne,Simmonds,PHI,RW,16,80, , , , ,25,26,-10,212,18,151
116,Brandon,Montour,ANA,D,16,74, , , , ,11,30,20,144,16,81
117,Ryan,Suter,MIN,D,15,74, , , , ,8,36,0,153,18,67
118,Noah,Hanifin,CGY,D,15,79, , , , ,10,34,0,131,18,87
119,Darnell,Nurse,EDM,D,15,78, , , , ,9,20,20,160,9,172
120,Kyle,Palmieri,NJD,RW,14,75, , , , ,26,29,0,199,19,116
121,William,Karlsson,VGK,C/LW,13,82, , , , ,33,35,20,129,24,48
122,Jake,Gardiner,TOR,D,12,81, , , , ,7,44,10,128,15,55
123,Mike,Smith,CGY,G,12,55,3,0.915402567,2.636363636,30, , , , , , 
124,Jake,Guentzel,PIT,LW,12,78, , , , ,28,34,0,161,16,129
125,Anders,Lee,NYI,LW,11,81, , , , ,33,20,-10,194,19,131
126,William,Nylander,TOR,C/RW,11,80, , , , ,21,43,20,187,22,22
127,Jaden,Schwartz,STL,LW,10,70, , , , ,23,39,10,162,22,61
128,Matt,Niskanen,WSH,D,10,75, , , , ,5,30,10,139,11,138
129,Tom,Wilson,WSH,RW,9,79, , , , ,17,29,10,104,16,228
130,Evgeny,Dadonov,FLA,LW/RW,9,76, , , , ,28,33,20,196,21,28
131,Shea,Theodore,VGK,D,9,72, , , , ,8,37,10,145,18,31
132,Charlie,McAvoy,BOS,D,9,70, , , , ,9,33,10,87,13,133
133,Clayton,Keller,ARI,LW/RW,8,81, , , , ,25,40,0,203,23,7
134,Jason,Zucker,MIN,LW/RW,8,77, , , , ,31,32,10,182,16,78
135,Alex,Galchenyuk,ARI,C/LW,8,80, , , , ,28,34,0,183,22,47
136,Alexander,Edler,VAN,D,8,67, , , , ,6,29,-10,148,14,123
137,Mathew,Barzal,NYI,C,8,82, , , , ,21,53,10,166,26,23
138,Brock,Boeser,VAN,RW,8,69, , , , ,29,33,0,197,22,35
139,Jacob,Trouba,WPG,D,7,66, , , , ,7,30,10,145,11,113
140,Justin,Faulk,CAR,D,7,74, , , , ,10,21,-10,213,9,122
141,Teuvo,Teravainen,CAR,LW/RW,7,80, , , , ,23,42,10,163,23,26
142,Mark,Stone,OTT,RW,7,69, , , , ,21,46,0,141,23,50
143,Chris,Kreider,NYR,LW,7,73, , , , ,23,27,0,166,18,142
144,Jacob,Markstrom,VAN,G,7,60,3,0.912893983,2.533333333,28, , , , , , 
145,Carey,Price,MTL,G,7,60,3,0.915120854,2.516666667,23, , , , , , 
146,Linus,Ullmark,BUF,G,5,36,1,0.917165669,2.305555556,13, , , , , , 
147,Nick,Leddy,NYI,D,5,79, , , , ,10,31,-10,134,16,83
148,Ryan,Nugent-Hopkins,EDM,C/LW,5,69, , , , ,27,33,20,159,21,45
149,Sean,Couturier,PHI,C,4,72, , , , ,28,38,20,159,23,65
150,Logan,Couture,SJS,C/LW,4,76, , , , ,32,27,0,194,21,45
151,Jeff,Carter,LAK,C,4,74, , , , ,26,32,10,230,20,73
152,Henrik,Lundqvist,NYR,G,4,60,2,0.91502193,2.583333333,26, , , , , , 
153,Kyle,Connor,WPG,LW,4,79, , , , ,30,32,10,180,22,21
154,Sean,Monahan,CGY,C,4,79, , , , ,31,36,10,199,23,36
155,Matthew,Tkachuk,CGY,LW,4,74, , , , ,26,29,0,170,19,95
156,Dylan,Larkin,DET,C,3,81, , , , ,19,42,0,211,21,75
157,Nikolaj,Ehlers,WPG,LW/RW,3,79, , , , ,31,32,10,201,16,40
158,Oscar,Klefbom,EDM,D,3,74, , , , ,10,28,-10,188,15,47
159,Brendan,Gallagher,MTL,RW,2,73, , , , ,26,25,-10,232,18,74
160,Dmitry,Orlov,WSH,D,2,82, , , , ,9,27,10,114,11,124
161,Mikhail,Sergachev,TBL,D,2,78, , , , ,9,29,10,136,11,94
162,Reilly,Smith,VGK,LW/RW,2,77, , , , ,22,35,20,166,20,46
163,James,Van Riemsdyk,PHI,LW,2,80, , , , ,33,24,10,244,14,39
164,Kevin,Shattenkirk,NYR,D,1,68, , , , ,8,32,-10,149,16,58
165,Elias,Lindholm,CGY,C/RW,1,77, , , , ,20,40,0,157,15,102
166,Alex,DeBrincat,CHI,LW/RW,1,82, , , , ,29,30,0,182,21,39
167,Travis,Konecny,PHI,LW/RW,0,80, , , , ,22,32,20,165,14,101
168,Antti,Suomela,SJS,F,0,62, , , , , , , , , , 
169,Cooper,Marody,EDM,F,0,20, , , , , , , , , , 
170,Eric,Staal,MIN,C,0,82, , , , ,33,36,10,216,17,42
171,Michal,Neuvirth,PHI,G,0,27,1,0.912592593,2.185185185,14, , , , , , 
172,Michael,Del Zotto,VAN,D,0,70, , , , ,6,17,0,118,7,211
173,Dion,Phaneuf,LAK,D,-1,78, , , , ,7,21,0,147,8,154
174,Milan,Lucic,EDM,LW,-2,82, , , , ,15,26,-10,149,10,234
175,Hampus,Lindholm,ANA,D,-2,72, , , , ,10,24,20,125,10,102
176,Sami,Vatanen,NJD,D,-2,72, , , , ,5,29,0,135,14,85
177,Boone,Jenner,CBJ,C/LW,-2,76, , , , ,16,21,0,197,9,202
178,Sam,Reinhart,BUF,C/RW,-3,81, , , , ,28,33,-10,180,21,32
179,Mike,Green,DET,D,-3,73, , , , ,9,28,-10,131,15,77
180,Alex,Goligoski,ARI,D,-4,79, , , , ,7,29,-10,117,11,122
181,Mike,Hoffman,FLA,LW/RW,-4,77, , , , ,26,31,0,238,14,31
182,Nino,Niederreiter,MIN,LW/RW,-4,76, , , , ,21,31,20,160,13,103
183,Esa,Lindell,DAL,D,-5,79, , , , ,7,23,20,120,12,96
184,Ryan,O'Reilly,DET,C,-5,75, , , , ,25,39,10,192,22,26
185,Duncan,Keith,CHI,D,-5,76, , , , ,4,33,-10,166,15,37
186,Michael,Matheson,FLA,D,-5,81, , , , ,10,25,0,171,11,60
187,Ryan,Johansen,NSH,C,-5,80, , , , ,15,44,10,156,21,82
188,Miro,Heiskanen,DAL,D,-7,75, , , , ,8,23,0,160,9.3,94
189,Josh,Bailey,NYI,RW,-7,79, , , , ,15,47,-10,142,22,31
190,Tyler,Myers,WPG,D,-8,75, , , , ,7,29,10,138,11,60
191,Erik,Johnson,COL,D,-8,64, , , , ,10,18,0,156,8,115
192,Neal,Pionk,NYR,D,-9,76, , , , ,2,26,0,146,8,120
193,Cory,Schneider,NJD,G,-9,46,2,0.91349739,2.52173913,20, , , , , , 
194,Nico,Hischier,NJD,C,-9,82, , , , ,22,34,20,177,20,59
195,Jakob,Silfverberg,ANA,RW,-9,78, , , , ,21,30,10,206,13,61
196,Nick,Foligno,CBJ,C/RW,-9,73, , , , ,16,29,0,154,11,161
197,Brayden,Point,TBL,C,-9,79, , , , ,30,30,20,177,21,35
198,Tyler,Toffoli,LAK,RW,-9,77, , , , ,23,28,0,213,13,68
199,Gustav,Nyquist,DET,RW,-9,80, , , , ,22,29,0,180,18,58
200,David,Perron,STL,LW,-9,75, , , , ,15,39,0,142,14,105
201,Adam,Larsson,EDM,D,-10,75, , , , ,5,15,10,81,0,260
202,Jordan,Eberle,NYI,RW,-10,78, , , , ,24,31,10,190,14,45
203,Nazem,Kadri,TOR,C,-10,79, , , , ,30,21,0,234,13,107
204,Mats,Zuccarello,NYR,RW,-11,80, , , , ,15,35,-10,176,18,70
205,Craig,Smith,NSH,RW,-11,80, , , , ,22,24,20,196,12,79
206,Alec,Martinez,LAK,D,-11,77, , , , ,9,22,0,123,9,110
207,Mattias,Ekholm,NSH,D,-11,81, , , , ,8,25,20,122,10,67
208,Ryan,Miller,ANA,G,-12,26,2,0.917808219,2.538461538,11, , , , , , 
209,Jordan,Staal,CAR,C,-12,78, , , , ,19,28,0,157,16,161
210,Patrick,Maroon,NJD,LW,-12,77, , , , ,18,25,0,144,11,166
211,James,Neal,CGY,RW,-12,75, , , , ,25,21,0,226,12,74
212,Robin,Lehner,NYI,G,-12,45,2,0.915706052,2.6,17, , , , , , 
213,Tomas,Hertl,SJS,C/LW/RW,-13,76, , , , ,23,27,0,174,13,91
214,Justin,Schultz,PIT,D,-13,70, , , , ,6,32,10,118,11,48
215,Bo,Horvat,VAN,C,-13,76, , , , ,22,39,0,157,21,56
216,Derek,Stepan,ARI,C,-13,80, , , , ,17,39,0,208,20,39
217,David,Backes,BOS,C/RW,-13,70, , , , ,15,24,0,167,10,168
218,Thomas,Chabot,OTT,D,-13,75, , , , ,11,26,-10,111,15,53
219,Josh,Anderson,COL,RW/D,-13,72, , , , ,20,16,0,147,0,131
220,Andrei,Svechnikov,CAR,RW,-13,78, , , , ,24,22,0,200,13.8,78
221,Josh,Morrissey,WPG,D,-14,81, , , , ,8,28,20,99,0,141
222,Nikita,Zadorov,COL,D,-14,72, , , , ,7,15,0,80,0,247
223,Brent,Seabrook,CHI,D,-14,80, , , , ,7,24,0,145,9,77
224,Shea,Weber,MTL,D,-15,48, , , , ,7,22,-10,118,12,99
225,Anthony,Mantha,DET,LW/RW,-15,79, , , , ,25,26,0,179,13,74
226,Charlie,Coyle,MIN,C/RW,-15,80, , , , ,19,31,10,144,13,96
227,Ondrej,Palat,TBL,LW,-15,69, , , , ,15,32,10,139,12,118
228,Jared,Spurgeon,MIN,D,-15,69, , , , ,10,27,0,122,11,53
229,Josh,Manson,ANA,D,-15,78, , , , ,5,28,0,98,0,176
230,Jonathan,Toews,CHI,C,-15,75, , , , ,21,34,0,196,19,53
231,Damon,Severson,NJD,D,-15,76, , , , ,8,25,0,113,10,84
232,Cam,Fowler,ANA,D,-16,72, , , , ,8,26,0,140,14,24
233,Will,Butcher,NJD,D,-16,80, , , , ,5,35,0,89,16,23
234,Anton,Khudobin,DAL,G,-16,34,2,0.909502262,2.352941176,17, , , , , , 
235,Zdeno,Chara,BOS,D,-16,76, , , , ,7,17,20,154,0,135
236,Stephen,Johns,DAL,D,-17,76, , , , ,8,10,10,114,0,211
237,Jimmy,Howard,DET,G,-17,45,1,0.912070344,2.444444444,17, , , , , , 
238,Max,Domi,MTL,C/LW,-17,80, , , , ,12,41,-10,150,19,44
239,Timo,Meier,SJS,LW,-17,79, , , , ,21,18,0,206,10,117
240,Craig,Anderson,OTT,G,-17,57,3,0.912310287,2.736842105,25, , , , , , 
241,Matt,Duchene,OTT,C,-18,78, , , , ,27,31,-10,183,20,48
242,Ryan,McDonagh,TBL,D,-18,71, , , , ,4,28,0,122,10,69
243,Jonathan,Bernier,DET,G,-18,39,1,0.912087912,2.461538462,17, , , , , , 
244,T.J.,Oshie,WSH,RW,-18,74, , , , ,19,27,0,152,12,113
245,Tanner,Pearson,LAK,LW,-18,80, , , , ,20,24,0,167,11,114
246,Darcy,Kuemper,ARI,G,-18,27,1,0.91503268,2.407407407,9, , , , , , 
247,Jakob,Chychrun,ARI,D,-19,72, , , , ,8,19,0,113,8,112
248,Elias,Pettersson,VAN,C,-19,76, , , , ,21,30,0,175,20.4,61
249,David,Savard,CBJ,D,-20,74, , , , ,4,17,0,133,6,132
250,Alex,Tuch,VGK,RW,-20,77, , , , ,18,25,0,162,11,117
251,Kevin,Fiala,NSH,LW/RW,-20,78, , , , ,21,28,20,174,12,44
252,Semyon,Varlamov,COL,G,-21,48,2,0.912102772,2.708333333,24, , , , , , 
253,Alexander,Killorn,TBL,LW,-21,81, , , , ,16,27,20,162,11,85
254,Richard,Panik,ARI,LW/RW,-21,76, , , , ,18,24,0,135,11,140
255,Alexandar,Georgiev,NYR,G,-21,27,1,0.918344519,2.703703704,13, , , , , , 
256,Justin,Williams,CAR,RW,-22,81, , , , ,15,31,0,188,12,62
257,Brady,Skjei,NYR,D,-23,81, , , , ,5,25,-10,136,0,136
258,Vince,Dunn,STL,D,-23,77, , , , ,7,25,0,142,10,30
259,Travis,Dermott,TOR,D,-23,68, , , , ,4,25,0,99,9,88
260,Brandon,Saad,CHI,LW,-23,82, , , , ,21,25,-10,230,12,33
261,Tomas,Tatar,VGK,LW/RW,-24,81, , , , ,25,21,0,167,12,77
262,Marc-Edouard,Vlasic,SJS,D,-24,75, , , , ,10,21,10,140,9,30
263,Yanni,Gourde,TBL,C/RW,-24,79, , , , ,21,32,10,127,13,60
264,Patrick,Marleau,TOR,C/LW,-24,82, , , , ,25,17,0,203,11,70
265,Nate,Schmidt,VGK,D,-24,75, , , , ,5,29,20,86,10,41
266,Radko,Gudas,PHI,D,-24,71, , , , ,3,14,0,134,0,178
267,Pavel,Buchnevich,NYR,RW,-24,73, , , , ,17,33,0,122,18,50
268,Nick,Bjugstad,FLA,C/RW,-24,69, , , , ,20,25,0,167,11,87
269,Tyler,Johnson,TBL,C/RW,-24,74, , , , ,22,27,10,166,12,48
270,Mika,Zibanejad,NYR,C,-25,71, , , , ,24,26,-10,174,18,77
271,Brayden,McNabb,VGK,D,-25,72, , , , ,3,10,20,79,0,213
272,Nick,Schmaltz,CHI,C/LW,-26,76, , , , ,20,36,0,100,20,18
273,Thomas,Vanek,DET,LW/RW,-26,74, , , , ,20,29,0,148,17,28
274,Erik,Gustafsson,CHI,D,-26,67, , , , ,3,28,0,113,9,53
275,Erik,Haula,VGK,C/LW,-26,75, , , , ,25,26,-10,135,13,76
276,Justin,Braun,SJS,D,-26,81, , , , ,4,24,0,109,0,140
277,Jonathan,Drouin,MTL,C,-27,75, , , , ,19,34,-10,163,19,54
278,Keith,Kinkaid,NJD,G,-27,31,1,0.910935738,2.548387097,18, , , , , , 
279,Matt,Benning,EDM,D,-27,74, , , , ,6,19,0,120,0,140
280,Robby,Fabbri,STL,C/LW,-28,68, , , , ,18,24,0,150,12.6,85
281,Corey,Perry,ANA,RW,-28,73, , , , ,16,27,0,186,11,61
282,Valeri,Nichushkin,DAL,RW,-28,74, , , , ,18,25,0,150,12.9,79
283,Conor,Sheary,BUF,LW/RW,-28,73, , , , ,18,32,-10,138,18,29
284,Chris,Wideman,OTT,D,-28,69, , , , ,6,23,0,104,9,63
285,Mikael,Backlund,CGY,C,-29,81, , , , ,20,34,-10,187,14,58
286,Cody,Ceci,OTT,D,-29,79, , , , ,6,17,-10,135,0,141
287,Anthony,Beauvillier,NYI,C/LW,-29,74, , , , ,21,24,10,126,11,87
288,Nick,Ritchie,ANA,LW,-30,76, , , , ,15,18,0,132,0,229
289,Mark,Borowiecki,OTT,D,-30,61, , , , ,3,8,-10,47,0,268
290,Brenden,Dillon,SJS,D,-30,80, , , , ,4,16,0,89,0,177
291,Jake,DeBrusk,BOS,LW,-30,72, , , , ,17,25,10,143,11,79
292,Oliver,Bjorkstrand,CBJ,RW,-31,81, , , , ,13,32,0,164,11,58
293,TJ,Brodie,CGY,D,-31,74, , , , ,9,26,0,90,11,22
294,Adam,Henrique,ANA,C,-31,81, , , , ,22,25,20,148,16,62
295,Charles,Hudon,MTL,LW,-31,71, , , , ,15,19,-10,167,9,131
296,Zach,Parise,MIN,LW,-31,64, , , , ,19,18,0,209,13,37
297,Derek,Forbort,LAK,D,-32,80, , , , ,2,19,10,89,0,152
298,Jaroslav,Halak,BOS,G,-32,32,2,0.912244898,2.6875,17, , , , , , 
299,Anton,Stralman,TBL,D,-32,75, , , , ,4,17,20,129,0,103
300,Ryan,Dzingel,OTT,LW/RW,-33,78, , , , ,20,26,-10,116,16,64
301,Johnny,Boychuk,NYI,D,-33,64, , , , ,6,11,0,152,0,125
302,Derick,Brassard,PIT,C,-33,78, , , , ,20,23,0,192,11,97
303,Luke,Schenn,ANA,D,-33,71, , , , ,1,9,0,76,0,221
304,Noah,Juulsen,MTL,D,-33,75, , , , ,4,13,-10,113,0,170
305,Scott,Darling,CAR,G,-33,52,2,0.906073446,2.557692308,23, , , , , , 
306,Christian,Fischer,ARI,RW,-34,78, , , , ,17,22,-10,150,10,108
307,Tristan,Jarry,PIT,G,-34,20,1,0.910280374,2.4,10, , , , , , 
308,Connor,Murphy,CHI,D,-34,77, , , , ,3,17,0,96,0,155
309,Mikko,Koivu,MIN,C,-34,81, , , , ,15,34,10,150,17,41
310,Thomas,Greiss,NYI,G,-35,43,1,0.912156863,2.604651163,14, , , , , , 
311,Mikkel,Boedker,OTT,LW/RW,-35,79, , , , ,15,28,-10,137,15,55
312,Samuel,Girard,COL,D,-35,76, , , , ,5,24,0,88,9,48
313,Danton,Heinen,BOS,LW/RW,-35,77, , , , ,17,32,0,128,12,46
314,Ryan,Donato,BOS,LW/RW,-35,71, , , , ,24,22,0,148,12,43
315,Ryan,Spooner,NYR,C/RW,-36,73, , , , ,13,36,-10,139,12,48
316,Anthony,DeAngelo,NYR,D,-36,64, , , , ,2,24,-10,114,8,56
317,Derrick,Pouliot,VAN,D,-36,74, , , , ,5,23,-10,80,8,78
318,Justin,Abdelkader,DET,LW/RW,-36,74, , , , ,13,18,0,123,8,159
319,Jesse,Puljujarvi,EDM,RW,-36,74, , , , ,17,24,0,142,10,84
320,Nick,Holden,VGK,D,-36,75, , , , ,5,19,0,84,0,140
321,Zach,Hyman,TOR,LW,-37,82, , , , ,14,27,20,155,0,117
322,Kevin,Labanc,SJS,LW/RW,-37,79, , , , ,14,34,0,136,12,35
323,Adam,Pelech,NYI,D,-37,77, , , , ,4,21,10,91,0,112
324,Jean-gabriel,Pageau,OTT,C,-37,80, , , , ,16,24,-10,148,10,152
325,David,Krejci,BOS,C,-37,73, , , , ,18,31,10,140,17,38
326,Robert,Hagg,PHI,D,-38,59, , , , ,3,8,0,78,0,197
327,Jamie,Oleksiak,PIT,D,-38,69, , , , ,5,18,0,67,0,150
328,Kyle,Okposo,BUF,RW,-38,71, , , , ,16,24,-10,167,10,68
329,Kevin,Connauton,ARI,D,-39,74, , , , ,10,12,0,105,0,121
330,Travis,Sanheim,PHI,D,-39,71, , , , ,6,20,0,105,8,39
331,Blake,Coleman,NJD,C/LW,-39,80, , , , ,13,15,0,136,0,210
332,Jaccob,Slavin,CAR,D,-39,80, , , , ,7,29,0,119,0,43
333,Alexander,Steen,STL,RW,-39,74, , , , ,14,31,-10,154,11,46
334,Andreas,Athanasiou,DET,C/LW,-39,74, , , , ,19,29,-10,148,12,30
335,Jack,Johnson,PIT,D,-39,71, , , , ,5,16,0,93,6,86
336,Olli,Maatta,PIT,D,-39,68, , , , ,7,16,0,109,0,109
337,Curtis,McElhinney,TOR,G,-40,11,1,0.916943522,2.272727273,5, , , , , , 
338,Brock,Nelson,NYI,C/LW,-40,81, , , , ,19,22,0,158,10,53
339,Artturi,Lehkonen,MTL,LW/RW,-40,70, , , , ,20,19,-10,162,10,71
340,Kevin,Hayes,NYR,C,-40,77, , , , ,23,31,-10,149,14,46
341,Greg,Pateryn,MIN,D,-40,71, , , , ,1,15,0,84,0,157
342,Bryan,Rust,PIT,LW/RW,-40,64, , , , ,17,20,10,115,9,100
343,Leo,Komarov,NYI,LW/RW,-40,74, , , , ,14,14,0,119,0,219
344,Sam,Gagner,VAN,C/LW,-41,76, , , , ,13,25,-10,156,13,50
345,Joel,Edmundson,STL,D,-41,70, , , , ,8,13,0,101,0,118
346,Calvin,DeHaan,CAR,D,-41,64, , , , ,5,20,0,90,0,107
347,Ian,Cole,COL,D,-42,73, , , , ,4,20,0,82,0,115
348,Joe,Thornton,SJS,C,-43,77, , , , ,11,39,0,103,18,47
349,Nikita,Zaitsev,TOR,D,-43,71, , , , ,5,15,0,80,0,133
350,Kyle,Turris,NSH,C,-43,75, , , , ,17,30,20,160,12,31
351,Kevan,Miller,BOS,D,-44,66, , , , ,1,15,10,59,0,150
352,Mike,Reilly,MTL,D,-44,67, , , , ,4,24,-10,72,8,48
353,Michael,Ferland,CAR,RW,-44,74, , , , ,17,15,0,123,0,183
354,Samuel,Morin,PHI,D,-45,33, , , , ,0,4,0,33,0,237
355,Brendan,Perlini,ARI,LW/RW,-45,76, , , , ,19,17,0,129,9,85
356,Brian,Dumoulin,PIT,D,-45,76, , , , ,4,16,0,94,0,109
357,Michael,Stone,CGY,D,-46,77, , , , ,3,13,-10,119,0,116
358,Tyler,Bertuzzi,DET,LW/RW,-46,71, , , , ,11,26,0,110,9,92
359,Petr,Mrazek,CAR,G,-46,40,0,0.907706093,2.575,17, , , , , , 
360,Deryk,Engelland,VGK,D,-46,78, , , , ,4,14,0,98,0,112
361,Steven,Santini,NJD,D,-46,53, , , , ,3,14,0,73,0,138
362,John,Gilmour,NYR,D,-46,68, , , , ,3,15,0,149,0,65
363,John,Moore,BOS,D,-46,72, , , , ,6,11,0,116,0,99
364,Ondrej,Kase,ANA,RW,-47,68, , , , ,18,23,10,126,10,40
365,Bobby,Ryan,OTT,LW/RW,-47,68, , , , ,13,21,-10,135,9,93
366,Andre,Burakovsky,WSH,LW/RW,-47,67, , , , ,15,27,0,108,11,53
367,Brandon,Manning,CHI,D,-47,65, , , , ,6,12,0,92,0,114
368,Casey,Mittelstadt,BUF,C,-47,78, , , , ,18,36,0,117,14,31
369,Dylan,Sikura,CHI,RW,-47,75, , , , ,17,25,0,135,11,30
370,Nick,Jensen,DET,D,-48,80, , , , ,2,21,0,103,0,77
371,Ryan,Strome,EDM,C/RW,-48,76, , , , ,14,26,0,134,10,44
372,Paul,Stastny,VGK,C,-48,72, , , , ,17,33,0,127,13,43
373,Devante,Smith-Pelly,WSH,RW,-48,76, , , , ,11,13,0,108,6,168
374,Christian,Djoos,WSH,D,-48,69, , , , ,6,19,10,66,8,24
375,Vincent,Hinostroza,CHI,C,-49,74, , , , ,19,28,0,117,16,41
376,Fredrik,Claesson,NYR,D,-49,66, , , , ,2,14,0,58,0,144
377,Joel,Armia,MTL,RW,-49,74, , , , ,12,24,-10,121,9,89
378,Troy,Stecher,VAN,D,-49,69, , , , ,1,14,0,110,0,101
379,Ron,Hainsey,TOR,D,-49,78, , , , ,4,17,0,93,0,90
380,Jason,Demers,ARI,D,-49,71, , , , ,7,18,0,97,0,68
381,Connor,Brown,TOR,RW,-50,82, , , , ,19,23,0,129,11,25
382,Vladislav,Namestnikov,NYR,C/LW,-50,78, , , , ,12,25,-10,124,9,76
383,Haydn,Fleury,CAR,D,-50,75, , , , ,1,15,0,96,0,105
384,Brooks,Orpik,WSH,D,-50,76, , , , ,1,7,-10,68,0,179
385,Marcus,Johansson,NJD,LW,-51,74, , , , ,21,23,-10,121,11,32
386,Trevor,Lewis,LAK,RW,-51,75, , , , ,13,14,0,149,0,155
387,Joel,Eriksson Ek,MIN,C/LW,-51,79, , , , ,14,22,0,122,0,137
388,Matt,Grzelcyk,BOS,D,-51,73, , , , ,4,19,10,101,0,54
389,Andrew,Shaw,MTL,C/RW,-51,66, , , , ,12,17,-10,125,7,125
390,Jason,Pominville,BUF,RW,-51,77, , , , ,14,21,-10,173,9,38
391,Marco,Scandella,BUF,D,-51,75, , , , ,5,17,-10,117,0,68
392,Danny,Dekeyser,DET,D,-51,74, , , , ,5,10,0,73,5,87
393,Ryan,Hartman,NSH,C/RW,-52,76, , , , ,13,22,0,147,0,116
394,Oskar,Lindblom,PHI,LW,-52,78, , , , ,15,16,0,124,8,91
395,Alex,Petrovic,FLA,D,-52,60, , , , ,2,14,0,54,0,134
396,Devin,Shore,DAL,LW/RW,-52,82, , , , ,13,23,-10,117,9,78
397,Valentin,Zykov,CAR,LW/RW,-52,71, , , , ,17,22,0,124,10,38
398,Mathieu,Perreault,WPG,LW,-52,69, , , , ,15,22,10,136,0,100
399,MacKenzie,Weegar,FLA,D,-52,72, , , , ,3,11,0,71,0,127
400,Connor,Carrick,TOR,D,-53,67, , , , ,4,19,0,84,0,74
401,Jan,Rutta,CHI,D,-53,76, , , , ,8,22,0,96,0,33
402,Thomas,Hickey,NYI,D,-53,67, , , , ,4,18,10,74,0,74
403,Andrew,Ladd,NYI,LW,-53,73, , , , ,13,16,10,139,7,76
404,Radek,Faksa,DAL,C,-53,78, , , , ,15,21,20,121,9,95
405,Andrej,Sekera,EDM,D,-53,70, , , , ,5,17,0,114,0,50
406,Mikko,Koskinen,EDM,G,-53,27,1,0.90523338,2.481481481,13, , , , , , 
407,Dan,Girardi,TBL,D,-54,71, , , , ,5,11,0,75,0,110
408,Jimmy,Vesey,NYR,LW,-54,79, , , , ,18,14,-10,125,8,92
409,Matt,Martin,NYI,LW,-54,70, , , , ,8,7,0,65,0,268
410,Christian,Dvorak,ARI,C,-54,78, , , , ,19,25,-10,119,11,82
411,Bryan,Little,WPG,C,-54,70, , , , ,18,26,10,133,11,43
412,Zach,Bogosian,BUF,D,-54,58, , , , ,3,16,0,101,0,70
413,John,Hayden,CHI,RW,-54,71, , , , ,10,15,0,94,0,197
414,Cal,Clutterbuck,NYI,RW,-54,73, , , , ,8,11,-10,99,0,232
415,Colton,Sissons,NSH,C/LW,-54,76, , , , ,11,19,0,82,8,121
416,Lars,Eller,WSH,C,-55,81, , , , ,18,22,0,142,10,71
417,Andrew,Cogliano,ANA,LW,-55,82, , , , ,14,23,0,163,0,79
418,Roman,Polak,DAL,D,-55,62, , , , ,2,10,0,61,0,135
419,Jonas,Brodin,MIN,D,-55,70, , , , ,4,23,20,74,0,30
420,Brady,Tkachuk,OTT,LW,-55,76, , , , ,11,20,0,92,9.3,95
421,Brandon,Carlo,BOS,D,-55,79, , , , ,3,15,0,82,0,88
422,Ben,Chiarot,WPG,D,-55,65, , , , ,2,15,0,63,0,109
423,Tyson,Jost,COL,C/LW,-55,70, , , , ,15,19,0,120,12,36
424,Travis,Hamonic,CGY,D,-55,68, , , , ,3,14,-10,114,0,76
425,Jake,Mccabe,BUF,D,-55,70, , , , ,4,17,-10,66,0,101
426,Michal,Kempny,WSH,D,-55,67, , , , ,3,12,0,98,0,86
427,Dylan,DeMelo,SJS,D,-55,66, , , , ,1,22,0,70,0,74
428,Rasmus,Andersson,CGY,D,-55,66, , , , ,6,18,0,48,7,36
429,Robert,Bortuzzo,STL,D,-56,67, , , , ,2,11,0,75,0,113
430,Nolan,Patrick,PHI,C,-56,73, , , , ,19,25,0,126,11,53
431,Sam,Bennett,CGY,LW,-56,81, , , , ,12,20,-10,140,0,127
432,Brock,McGinn,CAR,LW/RW,-56,77, , , , ,15,16,0,126,0,132
433,Mark,Pysyk,FLA,D,-56,81, , , , ,3,12,0,87,0,91
434,Victor,Rask,CAR,C,-56,77, , , , ,15,26,0,156,10,45
435,Brett,Ritchie,DAL,RW,-56,73, , , , ,10,11,0,139,0,165
436,J.T.,Compher,COL,C/RW,-57,73, , , , ,17,20,-10,131,9,45
437,Christian,Folin,PHI,D,-57,66, , , , ,3,11,0,51,0,127
438,Malcolm,Subban,VGK,G,-57,24,1,0.907153729,2.541666667,10, , , , , , 
439,Karl,Alzner,MTL,D,-57,82, , , , ,2,9,-10,79,0,127
440,Jakub,Vrana,WSH,LW/RW,-57,74, , , , ,16,21,0,130,9,29
441,Patrik,Berglund,BUF,C,-57,72, , , , ,17,16,-10,137,8,125
442,Alexander,Wennberg,CBJ,C,-57,72, , , , ,11,36,10,94,12,40
443,Chad,Johnson,STL,G,-57,21,0,0.907826087,2.523809524,9, , , , , , 
444,Jordan,Oesterle,ARI,D,-58,60, , , , ,6,12,0,101,0,61
445,Charlie,Lindgren,MTL,G,-58,17,1,0.913602941,2.764705882,6, , , , , , 
446,Carl,Hagelin,PIT,LW,-58,75, , , , ,10,19,10,160,0,89
447,Andreas,Borgman,TOR,D,-58,53, , , , ,4,10,0,52,0,120
448,Daniel,Sprong,PIT,RW,-58,62, , , , ,15,20,0,107,9,55
449,Sven,Baertschi,VAN,LW,-58,65, , , , ,17,21,0,104,10,35
450,Jake,Dotchin,TBL,D,-58,50, , , , ,3,12,0,58,0,109
451,Marcus,Foligno,MIN,LW,-58,77, , , , ,10,15,0,86,0,185
452,Brett,Pesce,CAR,D,-58,72, , , , ,3,15,0,94,0,63
453,Joonas,Donskoi,SJS,LW/RW,-58,69, , , , ,14,22,10,112,9,30
454,Miles,Wood,NJD,LW,-59,77, , , , ,18,15,0,157,0,87
455,Kris,Russell,EDM,D,-59,70, , , , ,4,14,0,76,0,78
456,Anthony,Duclair,CBJ,LW/RW,-59,70, , , , ,14,21,0,100,9,57
457,Alex,Biega,VAN,D,-59,47, , , , ,1,7,0,62,0,134
458,Adam,Lowry,WPG,C,-59,71, , , , ,14,20,10,94,0,186
459,Paul,Byron,MTL,LW/RW,-59,80, , , , ,20,19,-10,92,0,130
460,Blake,Comeau,DAL,LW,-59,78, , , , ,11,18,0,121,0,133
461,Sven,Andrighetto,COL,RW,-59,67, , , , ,11,23,-10,121,9,54
462,Tyler,Pitlick,DAL,RW,-59,77, , , , ,13,15,0,127,0,133
463,Devon,Toews,NYI,D,-59,50, , , , ,5,11,0,100,0,63
464,Patrik,Nemeth,COL,D,-60,69, , , , ,2,12,20,74,0,67
465,Drake,Batherson,OTT,C,-60,58, , , , ,15,19,0,125,10.2,89
466,Dan,Hamhuis,NSH,D,-60,73, , , , ,3,15,0,74,0,75
467,Vladimir,Sobotka,BUF,LW,-60,75, , , , ,12,22,-10,125,0,116
468,Daniel,Brickley,LAK,D,-60,75, , , , ,6,16,0,0,7,68
469,Jonathan,Ericsson,DET,D,-60,69, , , , ,2,8,0,67,0,115
470,Chris,Wagner,BOS,C/RW,-60,76, , , , ,6,11,0,87,0,212
471,Phillip,Danault,MTL,C,-60,72, , , , ,11,28,0,117,10,71
472,Ben,Hutton,VAN,D,-61,69, , , , ,2,14,0,113,0,43
473,Erik,Gudbranson,VAN,D,-61,55, , , , ,2,7,0,62,0,120
474,Austin,Watson,NSH,RW,-61,75, , , , ,12,15,0,86,0,166
475,Markus,Nutivaara,CBJ,D,-61,64, , , , ,5,17,10,73,0,39
476,Ty,Rattie,EDM,RW,-61,65, , , , ,18,16,0,105,9,49
477,Nathan,Beaulieu,BUF,D,-61,68, , , , ,5,15,-10,90,0,58
478,Jamie,McGinn,FLA,LW,-62,76, , , , ,13,13,0,127,0,131
479,Ryan,Kesler,ANA,C,-62,64, , , , ,17,13,0,134,8,108
480,Jesper,Bratt,NJD,LW/RW,-62,75, , , , ,11,25,-10,102,9,49
481,Darren,Helm,DET,LW/RW,-62,71, , , , ,12,15,0,141,0,111
482,Braydon,Coburn,TBL,D,-63,71, , , , ,2,11,0,82,0,76
483,Scott,Mayfield,NYI,D,-63,49, , , , ,2,14,0,63,0,79
484,Alex,Stalock,MIN,G,-63,28,1,0.904502046,2.5,10, , , , , , 
485,Austin,Czarnik,CGY,C/RW,-63,71, , , , ,13,25,0,88,10,28
486,Ilya,Samsonov,WSH,G,-63,5,1,0.908396947,2.4,3, , , , , , 
487,Matt,Irwin,NSH,D,-63,58, , , , ,2,9,0,75,0,90
488,Brandon,Tanev,WPG,LW/RW,-64,66, , , , ,7,10,0,79,0,203
489,Niklas,Kronwall,DET,D,-64,67, , , , ,3,15,-10,68,0,76
490,Evan,Rodrigues,BUF,C/LW,-64,73, , , , ,11,22,-10,137,8,31
491,Adam,McQuaid,BOS,D,-64,59, , , , ,1,7,0,48,0,125
492,Brandon,Sutter,VAN,C,-65,66, , , , ,17,18,10,127,9,59
493,Christian,Wolanin,OTT,D,-65,65, , , , ,5,16,-10,91,0,39
494,Michael,Grabner,ARI,LW,-65,78, , , , ,24,14,0,147,0,49
495,Jan,Kovar,NYI,C,-65,76, , , , ,11,30,0,92,12.3,46
496,Trevor,Daley,DET,D,-66,72, , , , ,8,10,0,106,0,22
497,Tim,Heed,SJS,D,-66,51, , , , ,5,18,0,88,0,14
498,Cam,Ward,CHI,G,-66,29,0,0.906091371,2.551724138,9, , , , , , 
499,Jordie,Benn,MTL,D,-66,66, , , , ,4,11,-10,72,0,76
500,Madison,Bowey,WSH,D,-66,60, , , , ,2,15,0,55,0,68
501,Andrew,MacDonald,PHI,D,-66,70, , , , ,4,17,0,69,0,38
502,Drake,Caggiula,EDM,LW/RW,-66,69, , , , ,12,13,0,106,0,133
503,Stefan,Noesen,NJD,RW,-67,69, , , , ,13,14,10,111,0,108
504,Pavel,Zacha,NJD,C,-67,71, , , , ,11,25,0,100,9,80
505,Mattias,Janmark,DAL,C/LW,-67,78, , , , ,17,18,-10,124,9,15
506,Trevor,Van Riemsdyk,CAR,D,-67,73, , , , ,3,12,10,90,0,30
507,Chad,Ruhwedel,PIT,D,-67,54, , , , ,2,9,0,77,0,72
508,Jay,Bouwmeester,STL,D,-67,65, , , , ,2,11,0,89,0,52
509,Andy,Greene,NJD,D,-67,76, , , , ,3,11,-10,80,0,68
510,Joonas,Korpisalo,CBJ,G,-68,15,0,0.911062907,2.733333333,6, , , , , , 
511,Dmitrij,Jaskin,STL,LW/RW,-68,67, , , , ,9,10,0,95,0,164
512,Chris,Kunitz,CHI,LW,-68,78, , , , ,10,15,0,122,0,112
513,Ryan,Reaves,VGK,RW,-68,78, , , , ,4,8,0,46,0,238
514,Tobias,Rieder,EDM,LW/RW,-68,76, , , , ,14,17,-10,145,0,76
515,Marc,Methot,DAL,D,-69,60, , , , ,1,3,0,58,0,114
516,Ryan,Murphy,MIN,D,-69,58, , , , ,3,15,0,62,5,9
517,Calvin,Pickard,TOR,G,-69,8,1,0.908296943,2.625,5, , , , , , 
518,Colton,Sceviour,FLA,RW,-69,76, , , , ,11,14,0,147,0,88
519,Michael,Frolik,CGY,RW,-69,72, , , , ,14,16,-10,175,0,53
520,Brad,Hunt,VGK,D,-69,37, , , , ,3,13,0,62,5,16
521,Julius,Honka,DAL,D,-69,65, , , , ,2,14,0,85,0,33
522,Nick,Cousins,ARI,C/RW,-69,73, , , , ,11,13,0,113,0,120
523,Dmitry,Kulikov,WPG,D,-70,64, , , , ,2,9,0,66,0,71
524,Paul,LaDue,LAK,D,-70,54, , , , ,5,12,0,64,0,46
525,Joakim,Ryan,SJS,D,-70,65, , , , ,3,12,0,86,0,34
526,Marcus,Pettersson,ANA,D,-70,67, , , , ,1,16,0,51,0,55
527,Henrik,Borgstrom,FLA,C,-70,77, , , , ,19,23,0,77,11,46
528,Mike,Condon,OTT,G,-70,27,0,0.906630582,2.555555556,6, , , , , , 
529,Nicolas,Deslauriers,MTL,LW,-70,58, , , , ,7,5,0,60,0,214
530,Jordan,Greenway,MIN,LW,-71,74, , , , ,12,17,0,49,7,93
531,Marc,Staal,NYR,D,-71,74, , , , ,2,8,0,68,0,69
532,Jake,Virtanen,VAN,RW,-71,68, , , , ,10,9,-10,116,0,146
533,Niklas,Hjalmarsson,ARI,D,-71,67, , , , ,2,20,0,56,0,24
534,Gustav,Forsling,CHI,D,-71,50, , , , ,3,12,0,82,0,32
535,Zack,Kassian,EDM,RW,-71,73, , , , ,7,15,0,92,0,138
536,Trevor,Murphy,ARI,D,-72,60, , , , ,8,11,0,38,0,54
537,Pheonix,Copley,WSH,G,-72,20,0,0.904580153,2.5,7, , , , , , 
538,Filip,Hronek,DET,D,-72,45, , , , ,3,15,0,60,0,36
539,Igor,Ozhiganov,TOR,D,-72,65, , , , ,2,6,0,40,0,98
540,Zachary,Aston-Reese,PIT,C,-72,66, , , , ,11,15,0,87,0,183
541,Ryan,Murray,CBJ,D,-73,67, , , , ,2,14,0,63,0,38
542,Dean,Kukan,CBJ,D,-73,61, , , , ,1,20,0,44,0,32
543,Patrick,Eaves,ANA,LW/RW,-73,54, , , , ,18,15,0,119,0,59
544,Alex,Iafallo,LAK,LW,-73,76, , , , ,12,19,0,132,0,54
545,Zack,Smith,OTT,C/LW,-73,74, , , , ,11,15,-10,122,0,98
546,Andreas,Johnsson,TOR,LW,-73,69, , , , ,15,13,10,146,0,42
547,Alexander,Kerfoot,COL,C,-73,78, , , , ,17,26,-10,76,11,41
548,Mark,Barberio,COL,D,-74,57, , , , ,3,14,0,69,0,25
549,Filip,Chytil,NYR,C,-74,69, , , , ,8,18,-10,161,7,69
550,Ben,Harpur,OTT,D,-74,58, , , , ,1,8,-10,36,0,100
551,Jesper,Fast,NYR,RW,-74,73, , , , ,10,22,-10,71,0,113
552,Anders,Nilsson,VAN,G,-75,25,1,0.908256881,2.8,9, , , , , , 
553,Ville,Husso,STL,G,-75,8,1,0.90430622,2.5,5, , , , , , 
554,Brendan,Smith,NYR,D,-75,50, , , , ,1,10,-10,66,0,62
555,Derek,Ryan,CGY,C,-75,78, , , , ,16,19,0,109,9,44
556,Kevin,Gravel,EDM,D,-75,49, , , , ,2,8,0,52,0,65
557,Zemgus,Girgensons,BUF,LW,-75,72, , , , ,7,12,-10,116,0,125
558,Adrian,Kempe,LAK,C,-75,79, , , , ,14,26,0,113,0,85
559,Alex,Lyon,PHI,G,-76,8,0,0.905325444,2,4, , , , , , 
560,Travis,Zajac,NJD,C,-76,72, , , , ,12,21,-10,109,8,69
561,David,Rittich,CGY,G,-76,11,0,0.904761905,2.363636364,5, , , , , , 
562,Brandon,Dubinsky,CBJ,C,-76,68, , , , ,9,14,0,114,0,157
563,Tim,Schaller,VAN,LW,-76,73, , , , ,12,9,0,110,0,106
564,Magnus,Paajarvi,OTT,LW,-76,77, , , , ,10,11,-10,128,0,102
565,Jason,Spezza,DAL,C/RW,-76,65, , , , ,9,16,0,144,6,11
566,Nick,Seeler,MIN,D,-76,60, , , , ,1,10,0,46,0,60
567,Antoine,Roussel,VAN,LW,-77,72, , , , ,11,14,0,94,0,100
568,Slater,Koekkoek,TBL,D,-77,48, , , , ,4,9,0,53,0,44
569,Brett,Connolly,WSH,LW,-77,70, , , , ,15,14,0,83,0,92
570,Artem,Anisimov,CHI,C,-77,71, , , , ,20,18,-10,119,10,18
571,Jack,Roslovic,WPG,C,-77,69, , , , ,12,22,10,85,9,45
572,Martin,Frk,DET,LW/RW,-77,72, , , , ,13,17,-10,104,0,79
573,Luke,Glendening,DET,C/RW,-78,74, , , , ,8,11,-10,83,0,147
574,Jujhar,Khaira,EDM,C/LW,-78,72, , , , ,9,11,0,75,0,135
575,Egor,Yakovlev,NJD,D,-78,60, , , , ,2,10,0,40,0,54
576,Jordan,Martinook,CAR,LW,-78,78, , , , ,8,13,0,108,0,98
577,Troy,Brouwer,FLA,LW/RW,-78,71, , , , ,8,14,0,94,0,105
578,Matt,Calvert,COL,LW/RW,-78,69, , , , ,14,14,0,105,0,70
579,Christopher,Tanev,VAN,D,-79,59, , , , ,2,14,10,40,0,21
580,Sonny,Milano,CBJ,LW,-79,63, , , , ,14,15,0,74,7,35
581,Anton,Forsberg,CHI,G,-80,10,0,0.904214559,2.5,4, , , , , , 
582,Joe,Morrow,WPG,D,-80,36, , , , ,2,7,0,50,0,51
583,Andrej,Sustr,ANA,D,-80,62, , , , ,2,10,0,63,0,25
584,Nikolay,Goldobin,VAN,LW/RW,-80,69, , , , ,12,19,-10,80,8,22
585,Ben,Lovejoy,NJD,D,-80,45, , , , ,1,4,0,55,0,63
586,Yannick,Weber,NSH,D,-80,46, , , , ,2,8,0,49,0,46
587,Calle,Jarnkrok,NSH,C,-80,77, , , , ,17,21,20,122,0,40
588,Casey,Nelson,BUF,D,-80,46, , , , ,4,6,0,52,0,43
589,Kyle,Clifford,LAK,LW,-81,62, , , , ,6,8,0,93,0,132
590,Jordan,Schmaltz,STL,D,-81,58, , , , ,4,16,0,25,0,21
591,Anthony,Cirelli,TBL,C,-81,70, , , , ,12,24,10,103,0,73
592,Denis,Malgin,FLA,C/RW,-81,61, , , , ,14,16,0,91,0,63
593,Sean,Kuraly,BOS,C,-81,74, , , , ,8,12,0,127,0,135
594,Kasperi,Kapanen,TOR,RW,-81,66, , , , ,12,11,0,97,0,88
595,Frans,Nielsen,DET,C,-82,78, , , , ,16,18,0,156,0,48
596,Tyler,Bozak,STL,C,-82,74, , , , ,14,24,0,137,0,46
597,Joey,Anderson,NJD,RW,-82,72, , , , ,10,15,0,83,0,90
598,J-F,Berube,CBJ,G,-82,4,0,0.904761905,2.5,2, , , , , , 
599,Callum,Booth,CAR,G,-82,4,0,0.904761905,2.5,2, , , , , , 
600,Jon,Gillies,CGY,G,-82,15,1,0.901298701,2.533333333,8, , , , , , 
601,Loui,Eriksson,VAN,LW/RW,-82,57, , , , ,10,15,0,121,6,7
602,Remi,Elie,DAL,LW,-82,74, , , , ,7,16,0,70,0,107
603,Michael,Hutchinson,FLA,G,-82,8,1,0.902912621,2.5,4, , , , , , 
604,Jon,Merrill,VGK,D,-82,46, , , , ,1,7,10,38,0,43
605,Oscar,Fantenberg,LAK,D,-82,32, , , , ,2,8,0,39,0,46
606,Brendan,Leipsic,VAN,LW/RW,-82,62, , , , ,7,23,0,105,0,42
607,Carl,Gunnarsson,STL,D,-82,60, , , , ,3,6,0,44,0,46
608,Julius,Bergman,OTT,D,-83,43, , , , ,3,8,0,60,0,22
609,Bogdan,Kiselevich,FLA,D,-83,60, , , , ,1,12,0,20,0,48
610,Luke,Kunin,MIN,C/RW,-83,54, , , , ,12,9,0,91,0,97
611,Louis,Domingue,TBL,G,-83,24,0,0.906116643,2.75,8, , , , , , 
612,Gabriel,Carlsson,CBJ,D,-84,35, , , , ,1,9,0,46,0,33
613,Tage,Thompson,BUF,RW,-84,62, , , , ,10,11,-10,85,5,71
614,Ethan,Bear,EDM,D,-84,30, , , , ,1,8,0,35,3,23
615,Jacob,Larsson,ANA,D,-84,46, , , , ,1,11,0,20,0,46
616,Carl,Soderberg,COL,C,-84,80, , , , ,15,19,0,147,0,44
617,Henrik,Zetterberg,DET,C,-84,40, , , , ,7,20,0,96,9,48
618,Gustav,Olofsson,MIN,D,-85,57, , , , ,2,10,0,30,0,35
619,Jordan,Weal,PHI,LW,-85,72, , , , ,12,24,-10,105,0,19
620,Ian,McCoshen,FLA,D,-85,40, , , , ,2,5,-10,26,0,72
621,Scott,Wilson,BUF,C/RW,-86,56, , , , ,6,10,-10,86,0,123
622,Michael,Raffl,PHI,LW/RW,-86,70, , , , ,11,9,0,97,0,82
623,David,Schlemko,MTL,D,-86,36, , , , ,1,7,0,56,0,25
624,Brett,Kulak,CGY,D,-86,55, , , , ,2,4,0,56,0,34
625,Colin,Wilson,COL,LW/RW,-86,64, , , , ,9,17,0,100,0,50
626,Ivan,Barbashev,STL,C/LW,-86,71, , , , ,7,19,0,55,0,89
627,Anton,Lindholm,COL,D,-86,35, , , , ,0,3,0,17,0,80
628,Joakim,Nordstrom,BOS,LW,-86,75, , , , ,4,8,0,93,0,116
629,Brendan,Guhle,BUF,D,-86,32, , , , ,4,7,-10,59,0,20
630,Melker,Karlsson,SJS,LW,-87,71, , , , ,11,11,0,86,0,78
631,Riley,Nash,CBJ,C,-87,75, , , , ,12,21,0,107,0,72
632,Ryan,Callahan,TBL,RW,-87,56, , , , ,4,9,0,100,0,104
633,Jonny,Brodzinski,LAK,RW,-87,65, , , , ,9,9,0,111,0,72
634,Jared,McCann,FLA,C,-88,70, , , , ,11,23,0,124,0,49
635,Jacob,De La Rose,MTL,C/LW,-88,62, , , , ,8,9,-10,55,0,136
636,Anthony,Bitetto,NSH,D,-88,34, , , , ,1,5,0,23,0,55
637,Jason,Dickinson,DAL,C/LW,-88,71, , , , ,10,13,0,50,0,99
638,Adam,Gaudette,VAN,C,-88,65, , , , ,15,13,0,117,0,81
639,Brian,Boyle,NJD,C,-88,72, , , , ,12,10,-10,120,0,117
640,Adam,Erne,TBL,LW,-88,64, , , , ,7,7,0,89,0,103
641,Radim,Simek,SJS,D,-89,32, , , , ,2,5,0,40,0,32
642,Riley,Sheahan,PIT,C,-89,81, , , , ,12,22,0,116,0,52
643,Spencer,Foo,CGY,C/RW,-89,30, , , , ,8,7,0,120,4,38
644,Marian,Gaborik,OTT,LW/RW,-89,52, , , , ,9,12,-10,115,5,19
645,Cody,Eakin,VGK,C,-89,74, , , , ,12,18,0,107,0,75
646,Andrew,Copp,WPG,C,-90,77, , , , ,9,19,10,79,0,94
647,Tucker,Poolman,WPG,D,-90,33, , , , ,2,5,0,37,0,30
648,Casey,Cizikas,NYI,C,-90,67, , , , ,8,15,-10,79,0,142
649,Nikita,Scherbak,MTL,RW,-90,53, , , , ,9,12,0,80,5,37
650,Maxim,Mamin,FLA,C/RW,-90,58, , , , ,8,11,0,58,0,103
651,Tomas,Plekanec,MTL,C,-90,78, , , , ,9,17,-10,155,0,59
652,David,Kampf,CHI,C/RW,-90,72, , , , ,11,18,0,72,0,45
653,Phillip,Di Giuseppe,CAR,LW,-90,50, , , , ,5,6,0,79,0,116
654,Victor,Mete,MTL,D,-91,50, , , , ,2,8,0,45,0,5
655,Martin,Necas,CAR,C,-91,78, , , , ,18,21,0,0,10,47
656,Ryan,Carpenter,VGK,C,-92,66, , , , ,10,13,0,109,0,95
657,Scott,Laughton,PHI,C,-92,71, , , , ,13,16,-10,91,0,98
658,Lawson,Crouse,ARI,LW,-92,48, , , , ,5,11,0,56,0,109
659,Matthew,Nieto,COL,LW,-92,70, , , , ,11,12,10,91,0,35
660,Mirco,Mueller,NJD,D,-92,50, , , , ,0,6,0,35,0,27
661,Mark,Jankowski,CGY,C,-92,76, , , , ,15,17,0,123,0,41
662,Gabriel,Bourque,COL,LW/RW,-92,62, , , , ,5,8,0,54,0,121
663,Chris,Tierney,SJS,C,-93,80, , , , ,15,23,0,100,0,33
664,Matthew,Peca,MTL,C,-93,71, , , , ,7,22,0,92,0,78
665,Dale,Weise,PHI,LW/RW,-93,55, , , , ,6,5,0,83,0,103
666,Pontus,Aberg,EDM,RW,-93,70, , , , ,11,16,0,83,0,34
667,Tyler,Ennis,TOR,LW/RW,-93,62, , , , ,8,11,0,110,0,43
668,Miikka,Salomaki,NSH,LW/RW,-93,51, , , , ,5,9,0,47,0,120
669,Tyler,Motte,VAN,LW/RW,-94,58, , , , ,6,8,0,81,0,88
670,Riley,Barber,WSH,RW,-94,60, , , , ,9,8,0,75,0,81
671,Frank,Vatrano,FLA,C,-94,54, , , , ,12,11,0,124,0,72
672,Tom,Pyatt,OTT,LW/RW,-94,79, , , , ,8,14,-10,96,0,50
673,Tomas,Nosek,VGK,LW/RW,-94,64, , , , ,8,12,0,87,0,53
674,Curtis,Lazar,CGY,C/RW,-94,62, , , , ,4,9,0,59,0,110
675,William,Carrier,VGK,LW/RW,-94,45, , , , ,2,6,0,59,0,130
676,Matt,Hunwick,BUF,D,-94,20, , , , ,1,4,0,23,0,31
677,Oscar,Lindberg,VGK,LW/RW,-96,61, , , , ,7,8,0,87,0,70
678,Lias,Andersson,NYR,C,-96,63, , , , ,11,15,-10,45,7,79
679,Juuso,Valimaki,CGY,D,-96,20, , , , ,1,6,0,20,0,18
680,Ilya,Lyubushkin,ARI,D,-96,35, , , , ,1,4,0,20,0,26
681,Lucas,Wallmark,CAR,C,-97,65, , , , ,8,14,0,92,0,93
682,Laurent,Dauphin,ARI,C/LW,-97,60, , , , ,5,12,0,73,0,68
683,JT,Brown,MIN,RW,-97,63, , , , ,3,7,0,82,0,92
684,Tom,Kuhnhackl,NYI,LW,-97,62, , , , ,3,6,0,60,0,113
685,Markus,Granlund,VAN,C/LW,-97,61, , , , ,10,8,0,98,0,40
686,Xavier,Ouellet,MTL,D,-99,18, , , , ,0,4,0,23,0,17
687,Adam,Clendening,CBJ,D,-99,15, , , , ,0,6,0,20,0,10
688,Nic,Dowd,WSH,RW,-99,57, , , , ,4,7,0,56,0,101
689,Marcus,Sorensen,SJS,LW/RW,-99,61, , , , ,10,11,0,63,0,49
690,Matthew,Highmore,CHI,LW/RW,-99,45, , , , ,8,10,0,94,0,34
691,Eric,Gryba,NJD,D,-100,12, , , , ,0,2,0,13,0,31
692,Dylan,Strome,ARI,C,-100,51, , , , ,9,19,0,66,7,20
693,Valtteri,Filppula,NYI,C,-100,79, , , , ,11,23,0,89,0,27
694,Stefan,Elliott,PIT,D,-100,15, , , , ,1,4,0,20,0,9
695,Lawrence,Pilut,BUF,D,-101,15, , , , ,1,4,0,20,0,8
696,Daniel,Carr,VGK,RW,-101,51, , , , ,8,12,0,73,0,40
697,Eeli,Tolvanen,NSH,RW,-102,55, , , , ,14,9,0,55,0,37
698,Nick,Bonino,NSH,C,-103,72, , , , ,13,16,0,109,0,22
699,Jordan,Nolan,STL,C/LW,-103,56, , , , ,3,6,0,47,0,100
700,Joshua,Ho-Sang,NYI,RW,-103,38, , , , ,2,20,0,35,6,6
701,Chandler,Stephenson,WSH,LW,-103,74, , , , ,6,17,10,38,0,32
702,Jay,Beagle,VAN,C,-103,78, , , , ,8,15,0,86,0,65
703,Gemel,Smith,DAL,C/LW,-104,65, , , , ,9,10,0,63,0,40
704,Eddie,Lack,NJD,G,-104,10,0,0.8996139,2.6,4, , , , , , 
705,Brad,Richardson,ARI,C,-104,73, , , , ,4,15,0,104,0,62
706,Justin,Bailey,BUF,LW/RW,-104,33, , , , ,2,8,-10,49,0,100
707,Colin,White,OTT,C,-104,69, , , , ,10,20,0,75,0,39
708,Eric,Martinsson,MIN,D,-105,15, , , , ,0,4,0,0,0,12
709,Nikita,Soshnikov,STL,RW,-105,43, , , , ,1,7,0,63,0,83
710,Johan,Larsson,BUF,C,-105,67, , , , ,6,13,-10,81,0,93
711,Korbinian,Holzer,ANA,D,-105,10, , , , ,0,1,0,5,0,19
712,Eric,Fehr,MIN,C/RW,-105,51, , , , ,6,5,0,65,0,67
713,Dalton,Prout,CGY,D,-106,8, , , , ,0,1,0,7,0,16
714,Darren,Archibald,VAN,RW,-106,32, , , , ,4,6,0,35,0,97
715,Chris,Bigras,NYR,D,-106,13, , , , ,0,2,0,8,0,8
716,Noel,Acciari,BOS,C,-106,52, , , , ,6,5,0,52,0,136
717,Jake,Walman,STL,D,-107,11, , , , ,0,3,0,0,0,8
718,Matt,Hendricks,MIN,C,-107,63, , , , ,4,7,0,60,0,126
719,Olli,Juolevi,VAN,D,-107,15, , , , ,0,3,0,0,0,6
720,Kyle,Brodziak,EDM,C,-107,74, , , , ,9,14,0,71,0,62
721,Filip,Pyrochta,NSH,D,-107,12, , , , ,0,2,0,0,0,10
722,Dennis,Everberg,WPG,RW,-108,52, , , , ,6,7,0,50,0,62
723,Nate,Thompson,LAK,C/LW,-108,53, , , , ,2,7,0,40,0,84
724,Cedric,Paquette,TBL,C,-108,57, , , , ,4,8,0,61,0,114
725,Conor,Timmins,COL,D,-109,5, , , , ,0,2,0,0,0,5
726,Nic,Petan,WPG,C/RW,-109,63, , , , ,9,10,0,65,0,16
727,Andrew,Sturtz,OTT,RW,-109,35, , , , ,7,5,0,58,0,53
728,Michael,McCarron,MTL,C/RW,-109,34, , , , ,1,5,0,43,0,91
729,Andy,Andreoff,TBL,LW,-110,46, , , , ,3,6,0,43,0,75
730,Erik,Brannstrom,VGK,D,-110,6, , , , ,0,1,0,0,0,4
731,Henri,Jokiharju,CHI,D,-110,4, , , , ,0,1,0,0,0,3
732,Jori,Lehtera,PHI,C/LW,-111,63, , , , ,5,8,-10,60,0,49
733,Dominik,Kahun,CHI,C,-112,65, , , , ,9,17,0,75,0,26
734,Tobias,Enstrom,WPG,D,-112,0, , , , ,0,0,0,0,0,0
735,Luca,Sbisa,VGK,D,-112,0, , , , ,0,0,0,0,0,0
736,Josh,Gorges,BUF,D,-112,0, , , , ,0,0,0,0,0,0
737,Kevin,Bieksa,ANA,D,-112,0, , , , ,0,0,0,0,0,0
738,Cody,Franson,CHI,D,-112,0, , , , ,0,0,0,0,0,0
739,Alexei,Emelin,NSH,D,-112,0, , , , ,0,0,0,0,0,0
740,Brandon,Davidson,NYI,D,-112,0, , , , ,0,0,0,0,0,0
741,Cody,McLeod,NYR,LW,-113,37, , , , ,1,2,0,27,0,102
742,Brian,Gibbons,ANA,LW/RW,-113,46, , , , ,6,8,0,56,0,27
743,Barclay,Goodrow,SJS,C/RW,-113,38, , , , ,5,8,0,39,0,47
744,Marko,Dano,WPG,LW/RW,-113,35, , , , ,4,4,0,44,0,63
745,Martin,Hanzal,DAL,C,-114,40, , , , ,6,9,-10,86,0,70
746,Nicholas,Baptiste,BUF,RW,-114,45, , , , ,4,8,0,59,0,31
747,Vinni,Lettieri,NYR,C,-114,50, , , , ,12,5,0,74,0,58
748,Anders,Bjork,BOS,LW,-114,34, , , , ,6,12,0,34,0,24
749,Taylor,Leier,PHI,LW,-116,57, , , , ,4,8,0,60,0,19
750,Laurent,Brossoit,WPG,G,-116,15,1,0.892655367,2.533333333,7, , , , , , 
751,Matt,Cullen,PIT,C,-116,75, , , , ,11,8,0,102,0,14
752,Pierre-edouard,Bellemare,VGK,C,-117,77, , , , ,6,7,0,96,0,44
753,Vladislav,Kamenev,COL,C,-118,61, , , , ,11,14,0,24,0,49
754,Par,Lindholm,TOR,C,-118,55, , , , ,8,10,0,67,0,41
755,Markus,Hannikainen,CBJ,RW,-118,40, , , , ,4,5,0,36,0,46
756,Michael,Amadio,LAK,C,-119,68, , , , ,8,14,0,49,0,37
757,Zac,Rinaldo,NSH,LW/RW,-119,25, , , , ,1,2,0,21,0,82
758,Andrew,Mangiapane,CGY,LW,-119,40, , , , ,6,7,0,28,0,32
759,Lukas,Sedlak,CBJ,C,-119,57, , , , ,6,7,0,53,0,71
760,Ross,Johnston,NYI,LW,-120,29, , , , ,3,4,0,22,0,61
761,Derek,MacKenzie,FLA,C,-120,55, , , , ,3,5,0,64,0,82
762,Rudolfs,Balcers,SJS,LW,-120,23, , , , ,5,6,0,42,0,23
763,Derek,Grant,PIT,C,-121,56, , , , ,8,8,0,56,0,50
764,Hunter,Shinkaruk,MTL,C/LW,-121,35, , , , ,5,4,0,42,0,28
765,Kevin,Roy,ANA,LW/RW,-122,35, , , , ,6,6,0,36,0,15
766,Carter,Rowney,ANA,C,-123,47, , , , ,4,6,0,30,0,91
767,Curtis,Mckenzie,VGK,LW,-123,23, , , , ,3,4,0,29,0,42
768,Lukas,Radil,SJS,LW,-124,25, , , , ,4,5,0,33,0,25
769,Kailer,Yamamoto,EDM,RW,-124,15, , , , ,1,4,10,38,1,15
770,Brendan,Gaunce,VAN,C/LW,-124,26, , , , ,3,2,0,32,0,40
771,Marcus,Kruger,CHI,C,-125,60, , , , ,3,9,0,62,0,43
772,Josh,Jooris,TOR,C/RW,-125,28, , , , ,3,3,0,38,0,30
773,Micheal,Haley,FLA,LW,-125,30, , , , ,0,5,-10,21,0,59
774,Troy,Terry,ANA,RW,-127,25, , , , ,3,5,0,38,0,13
775,Josh,Leivo,TOR,LW/RW,-128,19, , , , ,3,6,0,34,0,6
776,Cory,Conacher,TBL,RW,-128,23, , , , ,5,3,0,30,0,16
777,Mathieu,Joseph,TBL,RW,-128,24, , , , ,2,5,0,17,0,31
778,Max,McCormick,OTT,LW,-128,18, , , , ,1,3,0,24,0,36
779,Paul,Carey,OTT,LW/RW,-128,25, , , , ,2,4,0,23,0,28
780,A.J.,Greer,COL,LW/RW,-129,20, , , , ,2,4,0,17,0,31
781,Kalle,Kossila,ANA,C/LW,-130,24, , , , ,2,5,0,22,0,18
782,Warren,Foegele,CAR,LW,-130,12, , , , ,3,2,0,36,0,12
783,Shane,Gersich,WSH,C/LW,-131,20, , , , ,2,4,0,27,0,14
784,Jimmy,Hayes,PIT,RW,-131,17, , , , ,1,3,0,24,0,26
785,Evgeny,Svechnikov,DET,RW,-131,19, , , , ,2,5,0,23,0,13
786,Filip,Zadina,DET,LW,-131,9, , , , ,3,2,0,25,1.5,7
787,Victor,Ejdsell,CHI,C/LW,-131,18, , , , ,2,2,0,21,1,18
788,Nicolas,Aube-Kubel,PHI,RW,-132,16, , , , ,2,4,0,17,0,20
789,Jordan,Schroeder,CHI,C/RW,-132,24, , , , ,3,2,0,25,0,17
790,Nick,Merkley,ARI,RW,-132,17, , , , ,2,5,0,17,0,13
791,John,Quenneville,NJD,C/LW,-133,13, , , , ,0,3,0,24,0,18
792,Sammy,Blais,STL,LW,-134,14, , , , ,1,4,0,11,0,17
793,Andreas,Martinsen,CHI,LW/RW,-136,10, , , , ,1,0,0,11,0,29
794,Alan,Quine,CGY,C,-136,30, , , , ,2,5,0,36,0,40
795,Matt,Read,MIN,LW/RW,-137,12, , , , ,1,1,0,17,0,15
796,Chris,Thorburn,STL,RW,-137,15, , , , ,0,1,0,11,0,26
797,Nicolas,Kerdiles,WPG,LW,-138,14, , , , ,1,2,0,0,0,21
798,Frederik,Gauthier,TOR,C,-139,35, , , , ,2,5,0,28,0,37
799,Henrik,Haapala,FLA,LW/RW,-139,10, , , , ,0,3,0,6,0,10
800,Brandon,Pirri,VGK,C,-140,20, , , , ,4,5,0,38,0,16
801,Kerby,Rychel,CGY,LW,-140,7, , , , ,1,1,0,8,0,10
802,Saku,Maenalanen,CAR,LW,-141,8, , , , ,0,2,0,0,0,10
803,Matt,Beleskey,NYR,LW,-142,4, , , , ,0,0,0,7,0,11
804,Dylan,Gambrell,SJS,C,-142,35, , , , ,3,7,0,12,0,24
805,Juuso,Ikonen,WSH,RW,-143,12, , , , ,0,2,0,0,0,6
806,David,Ullstrom,ARI,C,-143,30, , , , ,2,4,0,17,0,34
807,Joseph,Blandisi,ANA,C/LW,-143,4, , , , ,0,1,0,4,0,4
808,Reid,Boucher,VAN,C/LW,-143,2, , , , ,0,0,0,4,0,7
809,Alexander,Nylander,BUF,RW,-144,3, , , , ,0,1,0,3,0,0
810,Travis,Boyd,WSH,C,-145,35, , , , ,3,6,0,10,0,18
811,Shawn,Matthias,WPG,LW/RW,-146,0, , , , ,0,0,0,0,0,0
812,Jussi,Jokinen,VAN,LW/RW,-146,0, , , , ,0,0,0,0,0,0
813,Daniel,Winnik,MIN,C/LW,-146,0, , , , ,0,0,0,0,0,0
814,Lance,Bouma,CHI,LW,-146,0, , , , ,0,0,0,0,0,0
815,Kris,Versteeg,CGY,LW,-146,0, , , , ,0,0,0,0,0,0
816,Rick,Nash,BOS,LW/RW,-146,0, , , , ,0,0,0,0,0,0
817,Jannik,Hansen,SJS,LW/RW,-146,0, , , , ,0,0,0,0,0,0
818,Logan,Shaw,MTL,LW/RW,-146,0, , , , ,0,0,0,0,0,0
819,Benoit,Pouliot,BUF,LW,-146,0, , , , ,0,0,0,0,0,0
820,Tomas,Jurco,CHI,LW/RW,-146,0, , , , ,0,0,0,0,0,0
821,Michael,Cammalleri,EDM,LW/RW,-146,0, , , , ,0,0,0,0,0,0
822,Scott,Hartnell,NSH,LW,-146,0, , , , ,0,0,0,0,0,0
823,Shane,Prince,NYI,LW/RW,-146,0, , , , ,0,0,0,0,0,0
824,Matt,Moulson,BUF,LW/RW,-146,0, , , , ,0,0,0,0,0,0
825,Oskar,Sundqvist,STL,C,-146,21, , , , ,1,4,0,19,0,23
826,Alex,Chiasson,WSH,RW,-146,0, , , , ,0,0,0,0,0,0
827,Tommy,Wingels,BOS,C/RW,-146,0, , , , ,0,0,0,0,0,0
828,Drew,Stafford,NJD,RW,-146,0, , , , ,0,0,0,0,0,0
829,Torrey,Mitchell,LAK,C/RW,-146,0, , , , ,0,0,0,0,0,0
830,Chris,Stewart,CGY,RW,-146,0, , , , ,0,0,0,0,0,0
831,Jakob,Forsbacka-Karlsson,BOS,C,-146,20, , , , ,2,5,0,17,0,15
832,Daniel,O'Regan,BUF,C,-149,18, , , , ,2,4,0,17,0,7
833,Sam,Steel,ANA,C,-149,12, , , , ,2,4,0,17,0,6
834,Michael,Rasmussen,DET,C,-153,9, , , , ,2,2,0,17,0,0
835,Rocco,Grimaldi,NSH,C,-153,8, , , , ,1,2,0,13,0,6
836,Jesperi,Kotkaniemi,MTL,C,-154,8, , , , ,1,2,0,8,0,8
837,Cody,Glass,VGK,C,-154,9, , , , ,1,2,0,8,0,6
838,Maxim,Letunov,SJS,C,-156,10, , , , ,1,1,0,8,0,3
839,Peter,Holland,NYR,C,-156,5, , , , ,0,1,0,9,0,5
840,Robert,Thomas,STL,C,-158,9, , , , ,0,2,0,0,0,3
841,Tyler,Graovac,CGY,C,-158,3, , , , ,0,1,0,3,0,3
842,Logan,Brown,OTT,C,-158,5, , , , ,0,1,0,5,0,1
843,Jaret,Anderson-Dolan,LAK,C,-160,2, , , , ,0,0,0,0,0,3
844,Antoine,Vermette,ANA,C,-161,0, , , , ,0,0,0,0,0,0
845,Matt,Stajan,CGY,C,-161,0, , , , ,0,0,0,0,0,0
846,Mark,Letestu,CBJ,C,-161,0, , , , ,0,0,0,0,0,0
847,Nick,Shore,CGY,C,-161,0, , , , ,0,0,0,0,0,0
848,Eric,Comrie,WPG,G,-290,7,0,0.879828326,4,3, , , , , , 
